year,university,school,degree,employment_rate_overall,employment_rate_ft_perm,basic_monthly_mean,basic_monthly_median,gross_monthly_mean,gross_monthly_median,gross_mthly_25_percentile,gross_mthly_75_percentile,salary_range,salary_skew,employment_quality_ratio
2020,National University Of Singapore,Yale-Nus College,Bachelor Of Arts With Honours,90.5,65.7,4242.0,3800.0,4370.0,3890.0,3475.0,5000.0,1525.0,480.0,0.7259668508287294
2020,Nanyang Technological University,College Of Business (Nanyang Business School),Accountancy,96.0,88.7,3213.0,3000.0,3228.0,3000.0,3000.0,3100.0,100.0,228.0,0.9239583333333333
2020,Nanyang Technological University,College Of Business (Nanyang Business School),Accountancy And Business,97.6,91.3,4615.0,4327.0,4704.0,4405.0,3500.0,5000.0,1500.0,299.0,0.9354508196721312
2020,Nanyang Technological University,College Of Business (Nanyang Business School),Business,95.2,66.8,3973.0,3750.0,4113.0,3800.0,3300.0,4429.0,1129.0,313.0,0.7016806722689075
2020,Nanyang Technological University,College Of Business (Nanyang Business School),Double Degree In Business And Computer Engineering/Computing,97.4,97.4,5216.0,5200.0,5537.0,5400.0,5000.0,5750.0,750.0,137.0,1.0
2020,Nanyang Technological University,College Of Engineering,Aerospace Engineering,91.2,75.8,4110.0,3980.0,4284.0,4000.0,3800.0,4945.0,1145.0,284.0,0.831140350877193
2020,Nanyang Technological University,College Of Engineering,Bioengineering,89.1,43.6,3428.0,3400.0,3473.0,3450.0,3200.0,3800.0,600.0,23.0,0.48933782267115605
2020,Nanyang Technological University,College Of Engineering,Chemical And Biomolecular Engineering,95.0,83.0,3732.0,3600.0,3948.0,3900.0,3500.0,4300.0,800.0,48.0,0.8736842105263158
2020,Nanyang Technological University,College Of Engineering,Civil Engineering,95.7,87.0,3458.0,3400.0,3495.0,3500.0,3200.0,3800.0,600.0,-5.0,0.9090909090909091
2020,Nanyang Technological University,College Of Engineering,Computer Engineering,97.2,94.4,4069.0,4100.0,4136.0,4100.0,3627.0,4845.0,1218.0,36.0,0.9711934156378601
2020,Nanyang Technological University,College Of Engineering,Computer Science,92.2,86.1,4508.0,4250.0,4558.0,4300.0,3880.0,5000.0,1120.0,258.0,0.9338394793926247
2020,Nanyang Technological University,College Of Engineering,Double Degree In Engineering And Economics ^,100.0,94.1,4459.0,4450.0,4516.0,4450.0,3825.0,5050.0,1225.0,66.0,0.941
2020,Nanyang Technological University,College Of Engineering,Electrical And Electronic Engineering,94.5,75.1,3925.0,3800.0,4004.0,3880.0,3500.0,4370.0,870.0,124.0,0.7947089947089947
2020,Nanyang Technological University,College Of Engineering,Environmental Engineering,90.2,58.5,3364.0,3375.0,3444.0,3450.0,3200.0,3800.0,600.0,-6.0,0.6485587583148559
2020,Nanyang Technological University,College Of Engineering,Information Engineering And Media,96.0,70.0,4085.0,4000.0,4208.0,4000.0,3500.0,4500.0,1000.0,208.0,0.7291666666666666
2020,Nanyang Technological University,College Of Engineering,Maritime Studies,90.8,78.5,3608.0,3500.0,3646.0,3500.0,3300.0,3875.0,575.0,146.0,0.8645374449339207
2020,Nanyang Technological University,College Of Engineering,Materials Engineering,91.5,69.0,3613.0,3600.0,3755.0,3700.0,3500.0,4000.0,500.0,55.0,0.7540983606557377
2020,Nanyang Technological University,College Of Engineering,Mechanical Engineering,91.7,67.5,3861.0,3700.0,3977.0,3850.0,3500.0,4432.0,932.0,127.0,0.7360959651035986
2020,Nanyang Technological University,"College Of Humanities, Arts & Social Sciences","Art, Design And Media",90.4,35.7,2858.0,2800.0,2925.0,2800.0,2500.0,3300.0,800.0,125.0,0.3949115044247788
2020,Nanyang Technological University,"College Of Humanities, Arts & Social Sciences",Chinese,83.8,63.5,3251.0,3350.0,3310.0,3500.0,3000.0,3500.0,500.0,-190.0,0.7577565632458234
2020,Nanyang Technological University,"College Of Humanities, Arts & Social Sciences",Communication Studies,94.9,66.7,3378.0,3300.0,3440.0,3340.0,3000.0,3800.0,800.0,100.0,0.702845100105374
2020,Nanyang Technological University,"College Of Humanities, Arts & Social Sciences",Economics,91.8,63.5,3756.0,3700.0,3926.0,3797.0,3400.0,4050.0,650.0,129.0,0.6917211328976035
2020,Nanyang Technological University,"College Of Humanities, Arts & Social Sciences",English,90.9,43.2,3507.0,3450.0,3561.0,3450.0,3128.0,3900.0,772.0,111.0,0.4752475247524752
2020,Nanyang Technological University,"College Of Humanities, Arts & Social Sciences",History,87.2,44.7,3558.0,3575.0,3644.0,3650.0,3250.0,4025.0,775.0,-6.0,0.5126146788990826
2020,Nanyang Technological University,"College Of Humanities, Arts & Social Sciences",Inter-Disciplinary Double Major ^,95.8,50.0,3608.0,3300.0,3797.0,3854.0,3200.0,4500.0,1300.0,-57.0,0.5219206680584552
2020,Nanyang Technological University,"College Of Humanities, Arts & Social Sciences",Linguistics And Multilingual Studies,96.6,63.8,3371.0,3300.0,3472.0,3350.0,3000.0,3900.0,900.0,122.0,0.6604554865424431
2020,Nanyang Technological University,"College Of Humanities, Arts & Social Sciences",Philosophy,96.3,70.4,3417.0,3300.0,3580.0,3650.0,3300.0,3850.0,550.0,-70.0,0.7310488058151611
2020,Nanyang Technological University,"College Of Humanities, Arts & Social Sciences",Psychology,83.8,53.5,3315.0,3200.0,3433.0,3300.0,3100.0,3650.0,550.0,133.0,0.6384248210023866
2020,Nanyang Technological University,"College Of Humanities, Arts & Social Sciences",Public Policy And Global Affairs,92.5,67.5,3989.0,3710.0,4043.0,3800.0,3500.0,4583.0,1083.0,243.0,0.7297297297297297
2020,Nanyang Technological University,"College Of Humanities, Arts & Social Sciences",Sociology,95.4,66.2,3529.0,3500.0,3598.0,3600.0,3300.0,3800.0,500.0,-2.0,0.6939203354297694
2020,Nanyang Technological University,College Of Science,Biological Sciences,88.9,56.7,3319.0,3300.0,3401.0,3325.0,3200.0,3650.0,450.0,76.0,0.6377952755905512
2020,Nanyang Technological University,College Of Science,Biomedical Sciences And Chinese Medicine # ^,94.7,84.2,2950.0,3000.0,2969.0,3000.0,2800.0,3150.0,350.0,-31.0,0.8891235480464625
2020,Nanyang Technological University,College Of Science,Chemistry And Biological Chemistry,91.9,45.6,3230.0,3200.0,3345.0,3245.0,3000.0,3635.0,635.0,100.0,0.4961915125136017
2020,Nanyang Technological University,College Of Science,Environmental Earth Systems Sciences ^,95.5,63.6,3637.0,3550.0,3657.0,3550.0,3400.0,3764.0,364.0,107.0,0.6659685863874346
2020,Nanyang Technological University,College Of Science,Mathematical Sciences,92.4,68.9,3746.0,3600.0,3823.0,3656.0,3300.0,4250.0,950.0,167.0,0.7456709956709957
2020,Nanyang Technological University,College Of Science,Mathematics And Economics,87.1,55.7,3849.0,3832.0,3949.0,3832.0,3500.0,4300.0,800.0,117.0,0.6394948335246844
2020,Nanyang Technological University,College Of Science,Physics And Applied Physics,92.6,48.5,3643.0,3600.0,3719.0,3700.0,3500.0,3850.0,350.0,19.0,0.5237580993520519
2020,Nanyang Technological University,Sports Science And Management,Sports Science And Management,91.5,52.5,3494.0,3240.0,3661.0,3300.0,3000.0,4200.0,1200.0,361.0,0.5737704918032787
2020,Nanyang Technological University,National Institute Of Education (Nie),Arts (With Education),100.0,98.4,3582.0,3798.0,3682.0,3799.0,3600.0,3806.0,206.0,-117.0,0.9840000000000001
2020,Nanyang Technological University,National Institute Of Education (Nie),Science (With Education),100.0,100.0,3660.0,3799.0,3744.0,3800.0,3700.0,4000.0,300.0,-56.0,1.0
2020,Nanyang Technological University,Lee Kong Chian School Of Medicine,Medicine #,100.0,100.0,4775.0,4700.0,5387.0,5250.0,5000.0,5900.0,900.0,137.0,1.0
2020,National University Of Singapore,Faculty Of Arts & Social Sciences,Bachelor Of Arts,90.4,39.8,3639.0,3100.0,3868.0,3300.0,2700.0,3600.0,900.0,568.0,0.4402654867256637
2020,National University Of Singapore,Faculty Of Arts & Social Sciences,Bachelor Of Arts (Hons),93.1,54.2,3529.0,3500.0,3586.0,3500.0,3300.0,3854.0,554.0,86.0,0.5821697099892589
2020,National University Of Singapore,Faculty Of Arts & Social Sciences,Bachelor Of Social Sciences,93.5,65.3,3597.0,3500.0,3666.0,3500.0,3345.0,3875.0,530.0,166.0,0.6983957219251337
2020,National University Of Singapore,Faculty Of Dentistry,Bachelor Of Dental Surgery,100.0,100.0,4202.0,4200.0,4280.0,4200.0,4200.0,4600.0,400.0,80.0,1.0
2020,National University Of Singapore,Faculty Of Engineering,Bachelor Of Engineering (Biomedical Engineering),95.8,53.1,3500.0,3500.0,3577.0,3500.0,3300.0,3740.0,440.0,77.0,0.5542797494780793
2020,National University Of Singapore,Faculty Of Engineering,Bachelor Of Engineering (Chemical Engineering),97.0,78.2,3955.0,4000.0,4155.0,4000.0,3700.0,4500.0,800.0,155.0,0.8061855670103093
2020,National University Of Singapore,Faculty Of Engineering,Bachelor Of Engineering (Civil Engineering),95.5,86.5,3661.0,3500.0,3739.0,3590.0,3500.0,4050.0,550.0,149.0,0.9057591623036649
2020,National University Of Singapore,Faculty Of Engineering,Bachelor Of Engineering (Electrical Engineering),91.0,75.4,4256.0,4000.0,4370.0,4200.0,3800.0,5000.0,1200.0,170.0,0.8285714285714286
2020,National University Of Singapore,Faculty Of Engineering,Bachelor Of Engineering (Engineering Science) ^,91.3,73.9,4499.0,4000.0,4584.0,4000.0,3765.0,5000.0,1235.0,584.0,0.8094194961664842
2020,National University Of Singapore,Faculty Of Engineering,Bachelor Of Engineering (Environmental Engineering),100.0,63.2,3473.0,3500.0,3572.0,3500.0,3250.0,3875.0,625.0,72.0,0.632
2020,National University Of Singapore,Faculty Of Engineering,Bachelor Of Engineering (Industrial And Systems Engineering),97.2,93.0,4236.0,4010.0,4337.0,4380.0,3700.0,4800.0,1100.0,-43.0,0.95679012345679
2020,National University Of Singapore,Faculty Of Engineering,Bachelor Of Engineering (Materials Science And Engineering),90.3,66.1,3795.0,3700.0,3922.0,3900.0,3600.0,4200.0,600.0,22.0,0.7320044296788483
2020,National University Of Singapore,Faculty Of Engineering,Bachelor Of Engineering (Mechanical Engineering),94.2,69.6,3832.0,3700.0,3946.0,3800.0,3500.0,4200.0,700.0,146.0,0.7388535031847133
2020,National University Of Singapore,Faculty Of Law,Bachelor Of Laws #,91.8,86.8,4848.0,4640.0,5009.0,5000.0,4400.0,5600.0,1200.0,9.0,0.9455337690631809
2020,National University Of Singapore,Faculty Of Science,Bachelor Of Science,86.0,42.1,3195.0,3000.0,3297.0,3100.0,3000.0,3650.0,650.0,197.0,0.48953488372093024
2020,National University Of Singapore,Faculty Of Science,Bachelor Of Science (Hons),93.1,57.4,3636.0,3500.0,3723.0,3528.0,3300.0,4000.0,700.0,195.0,0.6165413533834587
2020,National University Of Singapore,Faculty Of Science,Bachelor Of Science (Computational Biology) ^,80.0,40.0,4563.0,4525.0,4625.0,4650.0,4250.0,5000.0,750.0,-25.0,0.5
2020,National University Of Singapore,Faculty Of Science,Bachelor Of Science (Pharmacy) #,99.3,93.7,3590.0,3600.0,3751.0,3700.0,3500.0,3950.0,450.0,51.0,0.9436052366565962
2020,National University Of Singapore,Faculty Of Science,Bachelor Of Science (Data Science And Analytics) ^,100.0,78.3,4417.0,4125.0,4456.0,4125.0,3900.0,4900.0,1000.0,331.0,0.7829999999999999
2020,National University Of Singapore,Nus Business School,Bachelor Of Business Administration ^,96.3,66.7,4910.0,4000.0,5043.0,4150.0,3300.0,6100.0,2800.0,893.0,0.6926272066458983
2020,National University Of Singapore,Nus Business School,Bachelor Of Business Administration (Hons),94.9,80.7,4459.0,4000.0,4579.0,4000.0,3600.0,5000.0,1400.0,579.0,0.8503688092729188
2020,National University Of Singapore,Nus Business School,Bachelor Of Business Administration (Accountancy) ^,90.9,63.6,4443.0,3500.0,4443.0,3500.0,2800.0,5500.0,2700.0,943.0,0.6996699669966996
2020,National University Of Singapore,Nus Business School,Bachelor Of Business Administration (Accountancy) (Hons),96.8,92.1,3951.0,3400.0,4050.0,3500.0,3000.0,4425.0,1425.0,550.0,0.9514462809917356
2020,National University Of Singapore,School Of Computing,Bachelor Of Computing (Computer Science),97.1,92.6,5576.0,5100.0,5735.0,5243.0,4400.0,6316.0,1916.0,492.0,0.9536560247167868
2020,National University Of Singapore,School Of Computing,Bachelor Of Computing (Information Security) ^,90.9,90.9,4620.0,4650.0,4746.0,5000.0,4200.0,5300.0,1100.0,-254.0,1.0
2020,National University Of Singapore,School Of Computing,Bachelor Of Computing (Information Systems),98.6,93.1,4591.0,4495.0,4764.0,4500.0,4000.0,5400.0,1400.0,264.0,0.9442190669371197
2020,National University Of Singapore,School Of Computing,Bachelor Of Science (Business Analytics),98.0,84.3,4985.0,5000.0,5094.0,5000.0,4480.0,5800.0,1320.0,94.0,0.860204081632653
2020,National University Of Singapore,School Of Design & Environment,Bachelor Of Arts (Architecture),94.0,91.0,3984.0,4000.0,4058.0,4000.0,3650.0,4300.0,650.0,58.0,0.9680851063829787
2020,National University Of Singapore,School Of Design & Environment,Bachelor Of Arts (Industrial Design) ^,90.3,22.6,3417.0,3500.0,3417.0,3500.0,3000.0,3500.0,500.0,-83.0,0.25027685492801777
2020,National University Of Singapore,School Of Design & Environment,Bachelor Of Science (Project And Facilities Management),92.2,66.7,3338.0,3200.0,3400.0,3200.0,3000.0,3500.0,500.0,200.0,0.7234273318872018
2020,National University Of Singapore,School Of Design & Environment,Bachelor Of Science (Real Estate),95.1,68.6,3609.0,3600.0,3682.0,3630.0,3200.0,4000.0,800.0,52.0,0.7213459516298633
2020,National University Of Singapore,Yong Loo Lin School (Medicine),Bachelor Of Medicine And Bachelor Of Surgery #,100.0,100.0,4688.0,4700.0,5306.0,5250.0,5000.0,5800.0,800.0,56.0,1.0
2020,National University Of Singapore,Yong Loo Lin School (Medicine),Bachelor Of Science (Nursing),97.4,92.2,3269.0,3250.0,3489.0,3500.0,3250.0,3680.0,430.0,-11.0,0.946611909650924
2020,National University Of Singapore,Yong Loo Lin School (Medicine),Bachelor Of Science (Nursing) (Hons),98.5,97.0,3371.0,3400.0,3616.0,3600.0,3500.0,3750.0,250.0,16.0,0.9847715736040609
2020,National University Of Singapore,Yst Conservatory Of Music,Bachelor Of Music,69.2,15.4,3163.0,3125.0,3238.0,3275.0,3125.0,3350.0,225.0,-37.0,0.22254335260115607
2020,National University Of Singapore,Yale-Nus College,Bachelor Of Science With Honours ^,92.6,77.8,5615.0,5350.0,5798.0,5350.0,4225.0,6485.0,2260.0,448.0,0.8401727861771059
2020,National University Of Singapore,Multi-Disciplinary Programmes,Bachelor Of Engineering (Computer Engineering),93.7,81.1,4904.0,5000.0,4977.0,5000.0,4080.0,5500.0,1420.0,-23.0,0.8655282817502667
2020,National University Of Singapore,Multi-Disciplinary Programmes,Bachelor Of Environmental Studies,92.9,47.6,3251.0,3250.0,3409.0,3250.0,3010.0,3750.0,740.0,159.0,0.5123789020452099
2020,Singapore Institute Of Technology,Digipen Institute Of Technology,Bachelor Of Arts In Game Design ^,100.0,78.6,3486.0,3500.0,3575.0,3500.0,3100.0,3600.0,500.0,75.0,0.7859999999999999
2020,Singapore Institute Of Technology,Digipen Institute Of Technology,Bachelor Of Fine Arts In Digital Art And Animation,97.1,70.6,2845.0,2835.0,2862.0,2887.0,2675.0,3000.0,325.0,-25.0,0.7270854788877446
2020,Singapore Institute Of Technology,Digipen Institute Of Technology,Bachelor Of Science In Computer Science And Game Design,97.7,81.8,3960.0,4000.0,3974.0,4000.0,3500.0,4200.0,700.0,-26.0,0.8372569089048106
2020,Singapore Institute Of Technology,Digipen Institute Of Technology,Bachelor Of Science In Computer Science In Real-Time Interactive Simulation,97.6,90.5,4390.0,4200.0,4399.0,4200.0,3880.0,4500.0,620.0,199.0,0.9272540983606558
2020,Singapore Institute Of Technology,Singapore Institute Of Technology (Sit),Bachelor Of Accountancy With Honours,97.4,69.8,3107.0,3000.0,3120.0,3000.0,3000.0,3200.0,200.0,120.0,0.7166324435318274
2020,Singapore Institute Of Technology,Singapore Institute Of Technology (Sit),Bachelor Of Engineering With Honours In Information & Communications Technology (Information Security),100.0,95.9,4023.0,4000.0,4237.0,4300.0,3600.0,4630.0,1030.0,-63.0,0.9590000000000001
2020,Singapore Institute Of Technology,Singapore Institute Of Technology (Sit),Bachelor Of Engineering With Honours In Information & Communications Technology (Software Engineering),96.2,83.0,4275.0,4000.0,4366.0,4000.0,3600.0,4750.0,1150.0,366.0,0.8627858627858628
2020,Singapore Institute Of Technology,Singapore Institute Of Technology (Sit),Bachelor Of Engineering With Honours In Pharmaceutical Engineering,94.2,73.9,3329.0,3375.0,3749.0,3740.0,3400.0,4000.0,600.0,9.0,0.7845010615711253
2020,Singapore Institute Of Technology,Singapore Institute Of Technology (Sit),Bachelor Of Engineering With Honours In Sustainable Infrastructure Engineering (Building Services),98.1,84.6,3585.0,3500.0,3702.0,3500.0,3375.0,3800.0,425.0,202.0,0.8623853211009174
2020,Singapore Institute Of Technology,Singapore Institute Of Technology (Sit),Bachelor Of Engineering With Honours In Sustainable Infrastructure Engineering (Land),97.1,77.1,3823.0,3925.0,4203.0,4105.0,3650.0,4370.0,720.0,98.0,0.7940267765190525
2020,Singapore Institute Of Technology,Singapore Institute Of Technology (Sit),Bachelor Of Engineering With Honours In Telematics (Intelligent Transportation Systems Engineering),92.9,55.4,4083.0,4200.0,4135.0,4200.0,3380.0,4800.0,1420.0,-65.0,0.596340150699677
2020,Singapore Institute Of Technology,Singapore Institute Of Technology (Sit),Bachelor Of Hospitality Business With Honours,89.9,47.9,3041.0,3000.0,3148.0,3000.0,2800.0,3400.0,600.0,148.0,0.5328142380422691
2020,Singapore Institute Of Technology,Sit- Digipen Institute Of Technology,Bachelor Of Engineering With Honours In Systems Engineering (Electromechanical Systems),95.7,82.6,4044.0,4090.0,4114.0,4185.0,3750.0,4250.0,500.0,-71.0,0.8631138975966561
2020,Singapore Institute Of Technology,Sit- Massey University,Bachelor Of Food Technology With Honours,95.2,52.4,3060.0,3000.0,3084.0,3000.0,2770.0,3400.0,630.0,84.0,0.5504201680672268
2020,Singapore Institute Of Technology,Sit- Newcastle University,Bachelor Of Engineering With Honours In Chemical Engineering,95.7,47.8,3095.0,3000.0,3242.0,3200.0,3000.0,3500.0,500.0,42.0,0.49947753396029254
2020,Singapore Institute Of Technology,Sit- Newcastle University,Bachelor Of Engineering With Honours In Electrical Power Engineering,97.9,68.8,3501.0,3500.0,3603.0,3500.0,3400.0,3850.0,450.0,103.0,0.7027579162410622
2020,Singapore Institute Of Technology,Sit- Newcastle University,Bachelor Of Engineering With Honours In Marine Engineering ^,100.0,79.2,3774.0,3650.0,3821.0,3750.0,3300.0,4370.0,1070.0,71.0,0.792
2020,Singapore Institute Of Technology,Sit- Newcastle University,Bachelor Of Engineering With Honours In Mechanical Design And Manufacturing Engineering,94.6,57.1,3281.0,3300.0,3443.0,3350.0,3025.0,3925.0,900.0,93.0,0.6035940803382664
2020,Singapore Institute Of Technology,Sit- Newcastle University,Bachelor Of Engineering With Honours In Naval Architecture ^,78.6,42.9,3217.0,3150.0,3244.0,3200.0,2600.0,3465.0,865.0,44.0,0.5458015267175573
2020,Singapore Institute Of Technology,Sit- Newcastle University,Bachelor Of Engineering With Honours In Offshore Engineering ^,92.3,69.2,3921.0,3800.0,4160.0,4000.0,3750.0,4800.0,1050.0,160.0,0.7497291440953413
2020,Singapore Institute Of Technology,Sit / Sit-Trinity College Dublin / Trinity College Dublin,Bachelor In Science (Diagnostic Radiography),100.0,100.0,3446.0,3400.0,3685.0,3650.0,3400.0,3859.0,459.0,35.0,1.0
2020,Singapore Institute Of Technology,Sit / Sit-Trinity College Dublin / Trinity College Dublin,Bachelor In Science (Occupational Therapy),100.0,100.0,3510.0,3400.0,3542.0,3400.0,3364.0,3629.0,265.0,142.0,1.0
2020,Singapore Institute Of Technology,Sit / Sit-Trinity College Dublin / Trinity College Dublin,Bachelor In Science (Physiotherapy),98.2,96.3,3485.0,3480.0,3518.0,3500.0,3400.0,3700.0,300.0,18.0,0.9806517311608961
2020,Singapore Institute Of Technology,Sit / Sit-Trinity College Dublin / Trinity College Dublin,Bachelor In Science (Radiation Therapy) ^,100.0,83.3,3380.0,3500.0,3380.0,3500.0,3400.0,3500.0,100.0,-120.0,0.833
2020,Singapore Institute Of Technology,Sit-University Of Glasgow,Bachelor Of Engineering With Honours In Civil Engineering,97.9,78.7,3444.0,3400.0,3518.0,3500.0,3200.0,3700.0,500.0,18.0,0.8038815117466803
2020,Singapore Institute Of Technology,Sit-University Of Glasgow,Bachelor Of Science With Honours In Nursing,96.2,94.2,3436.0,3270.0,3725.0,3650.0,3405.0,4000.0,595.0,75.0,0.9792099792099792
2020,Singapore Institute Of Technology,Technische Universität München,Bachelor Of Science In Chemical Engineering,93.3,48.9,3147.0,3100.0,3387.0,3175.0,2815.0,3650.0,835.0,212.0,0.5241157556270096
2020,Singapore Institute Of Technology,Technische Universität München,Bachelor Of Science In Electrical Engineering & Information Technology,94.7,39.5,3760.0,3600.0,3773.0,3600.0,3350.0,4000.0,650.0,173.0,0.4171066525871172
2020,Singapore Institute Of Technology,The Culinary Institute Of America,Bachelor Of Business Administration In Food Business Management,86.0,66.7,2497.0,2475.0,2675.0,2550.0,2300.0,2820.0,520.0,125.0,0.7755813953488372
2020,Singapore Institute Of Technology,The Glasgow School Of Art,Bachelor Of Arts With Honours In Communication Design,85.7,38.1,2773.0,2800.0,2876.0,2800.0,2500.0,3000.0,500.0,76.0,0.44457409568261375
2020,Singapore Institute Of Technology,The Glasgow School Of Art,Bachelor Of Arts With Honours In Interior Design,83.9,45.2,2958.0,2500.0,2992.0,2600.0,2500.0,3500.0,1000.0,392.0,0.5387365911799762
2020,Singapore Institute Of Technology,University Of Glasgow,Bachelor Of Engineering With Honours In Aeronautical Engineering,91.2,35.3,4127.0,3900.0,4159.0,3921.0,3400.0,5010.0,1610.0,238.0,0.3870614035087719
2020,Singapore Institute Of Technology,University Of Glasgow,Bachelor Of Engineering With Honours In Aerospace Systems ^,100.0,37.9,3900.0,3750.0,3940.0,3750.0,3400.0,4600.0,1200.0,190.0,0.379
2020,Singapore Institute Of Technology,University Of Glasgow,Bachelor Of Engineering With Honours In Mechanical Design Engineering,95.0,53.3,3461.0,3500.0,3592.0,3500.0,3200.0,3650.0,450.0,92.0,0.5610526315789474
2020,Singapore Institute Of Technology,University Of Glasgow,Bachelor Of Engineering With Honours In Mechatronics,89.3,58.9,3579.0,3454.0,3690.0,3600.0,3200.0,4000.0,800.0,90.0,0.6595744680851063
2020,Singapore Institute Of Technology,University Of Glasgow,Bachelor Of Science With Honours In Computing Science,98.6,89.9,4517.0,5000.0,4530.0,5000.0,4000.0,5000.0,1000.0,-470.0,0.911764705882353
2020,Singapore Institute Of Technology,University Of Liverpool,Bachelor Of Arts With Honours In Criminology And Security,93.7,68.4,3634.0,3480.0,3919.0,3700.0,3400.0,4300.0,900.0,219.0,0.7299893276414088
2020,Singapore Management University,School Of Accountancy (4-Year Programme) *,Accountancy,94.7,86.0,3636.0,3050.0,3694.0,3100.0,3000.0,4000.0,1000.0,594.0,0.9081309398099261
2020,Singapore Management University,School Of Accountancy (4-Year Programme) *,Accountancy (Cum Laude And Above),96.3,86.1,3979.0,3600.0,4057.0,3744.0,3000.0,4583.0,1583.0,313.0,0.8940809968847352
2020,Singapore Management University,School Of Business (4-Year Programme) *,Business Management,95.8,68.4,4183.0,3800.0,4293.0,3850.0,3440.0,4600.0,1160.0,443.0,0.7139874739039667
2020,Singapore Management University,School Of Business (4-Year Programme) *,Business Management (Cum Laude And Above),97.5,78.7,4596.0,4000.0,4688.0,4000.0,3600.0,5000.0,1400.0,688.0,0.8071794871794872
2020,Singapore Management University,School Of Economics (4-Year Programme) *,Economics,91.5,70.5,4181.0,3750.0,4290.0,3800.0,3400.0,4500.0,1100.0,490.0,0.7704918032786885
2020,Singapore Management University,School Of Economics (4-Year Programme) *,Economics (Cum Laude And Above),94.7,82.9,4670.0,4000.0,4749.0,4000.0,3660.0,5275.0,1615.0,749.0,0.8753959873284055
2020,Singapore Management University,School Of Information Systems (4-Year Programme) *,Information Systems,93.1,83.9,4548.0,4500.0,4683.0,4542.0,4000.0,5400.0,1400.0,141.0,0.9011815252416757
2020,Singapore Management University,School Of Information Systems (4-Year Programme) *,Information Systems (Cum Laude And Above),93.3,93.3,4903.0,5000.0,5064.0,5000.0,4500.0,5416.0,916.0,64.0,1.0
2020,Singapore Management University,School Of Social Sciences (4-Year Programme) *,Social Sciences,89.9,52.8,3540.0,3360.0,3626.0,3500.0,3200.0,4000.0,800.0,126.0,0.5873192436040043
2020,Singapore Management University,School Of Social Sciences (4-Year Programme) *,Social Sciences (Cum Laude And Above),90.6,65.6,3711.0,3510.0,3784.0,3510.0,3230.0,4200.0,970.0,274.0,0.7240618101545254
2020,Singapore Management University,School Of Law (4-Year Programme) *,Law #,95.5,91.1,4729.0,4500.0,4804.0,4588.0,4000.0,5600.0,1600.0,216.0,0.9539267015706806
2020,Singapore Management University,School Of Law (4-Year Programme) *,Law (Cum Laude And Above) #,97.0,95.5,5053.0,5000.0,5141.0,5000.0,4500.0,5735.0,1235.0,141.0,0.9845360824742269
2020,Singapore University Of Social Sciences,S R Nathan School Of Human Development,Bachelor Of Early Childhood Education ^,100.0,88.2,2879.0,3000.0,2879.0,3000.0,2700.0,3016.0,316.0,-121.0,0.882
2020,Singapore University Of Social Sciences,S R Nathan School Of Human Development,Bachelor Of Human Resource Management,90.6,22.6,2947.0,2750.0,3051.0,2950.0,2650.0,3300.0,650.0,101.0,0.24944812362030908
2020,Singapore University Of Social Sciences,S R Nathan School Of Human Development,Bachelor Of Social Work,97.3,89.2,3443.0,3500.0,3486.0,3500.0,3450.0,3655.0,205.0,-14.0,0.9167523124357657
2020,Singapore University Of Social Sciences,School Of Business,Bachelor Of Accountancy,94.6,81.7,3059.0,3000.0,3116.0,3000.0,3000.0,3000.0,0.0,116.0,0.8636363636363638
2020,Singapore University Of Social Sciences,School Of Business,Bachelor Of Science In Finance ^,100.0,50.0,3537.0,3163.0,3854.0,3163.0,2850.0,4466.0,1616.0,691.0,0.5
2020,Singapore University Of Social Sciences,School Of Business,Bachelor Of Science In Marketing,92.1,51.3,3126.0,2900.0,3246.0,2900.0,2750.0,3520.0,770.0,346.0,0.5570032573289903
2020,Singapore University Of Social Sciences,School Of Business,Bachelor Of Science In Supply Chain Management ^,88.0,36.0,3125.0,3100.0,3284.0,3185.0,2950.0,3500.0,550.0,99.0,0.4090909090909091
2020,Singapore University Of Technology And Design,<Na>,Bachelor Of Engineering (Engineering Product Development),94.6,82.1,3809.0,3800.0,3901.0,3800.0,3500.0,4150.0,650.0,101.0,0.8678646934460887
2020,Singapore University Of Technology And Design,<Na>,Bachelor Of Engineering (Engineering Systems And Design),95.2,77.1,4195.0,3950.0,4287.0,4000.0,3725.0,4900.0,1175.0,287.0,0.8098739495798318
2020,Singapore University Of Technology And Design,<Na>,Bachelor Of Engineering (Information Systems Technology And Design),96.9,85.4,4581.0,4500.0,4734.0,4500.0,4000.0,5000.0,1000.0,234.0,0.8813209494324046
2020,Singapore University Of Technology And Design,<Na>,Bachelor Of Science (Architecture And Sustainable Design),100.0,95.6,3897.0,3800.0,3982.0,3800.0,3500.0,4070.0,570.0,182.0,0.956
2021,Nanyang Technological University,College Of Business (Nanyang Business School),Accountancy,97.7,93.0,3505.0,3300.0,3539.0,3400.0,3100.0,3500.0,400.0,139.0,0.9518935516888434
2021,Nanyang Technological University,College Of Business (Nanyang Business School),Accountancy And Business,99.2,96.2,5018.0,4500.0,5173.0,4500.0,3700.0,5858.0,2158.0,673.0,0.969758064516129
2021,Nanyang Technological University,College Of Business (Nanyang Business School),Business,96.2,85.2,4211.0,4000.0,4362.0,4000.0,3500.0,4800.0,1300.0,362.0,0.8856548856548857
2021,Nanyang Technological University,College Of Business (Nanyang Business School),Double Degree In Business And Computer Engineering/Computing,93.8,87.5,6418.0,6300.0,6578.0,6300.0,5250.0,8225.0,2975.0,278.0,0.9328358208955224
2021,Nanyang Technological University,College Of Engineering,Aerospace Engineering,94.4,87.3,4250.0,4250.0,4321.0,4471.0,3792.0,5000.0,1208.0,-150.0,0.9247881355932203
2021,Nanyang Technological University,College Of Engineering,Bioengineering,90.9,75.8,3480.0,3483.0,3654.0,3500.0,3300.0,3850.0,550.0,154.0,0.8338833883388338
2021,Nanyang Technological University,College Of Engineering,Chemical And Biomolecular Engineering,91.1,84.8,3784.0,3600.0,3959.0,3740.0,3600.0,4300.0,700.0,219.0,0.9308452250274424
2021,Nanyang Technological University,College Of Engineering,Civil Engineering,97.7,92.0,3596.0,3500.0,3664.0,3540.0,3400.0,3800.0,400.0,124.0,0.9416581371545547
2021,Nanyang Technological University,College Of Engineering,Computer Engineering,95.8,89.6,4649.0,4500.0,4847.0,4500.0,4000.0,5000.0,1000.0,347.0,0.9352818371607515
2021,Nanyang Technological University,College Of Engineering,Computer Science,97.0,91.0,4871.0,4800.0,4924.0,4800.0,4200.0,5450.0,1250.0,124.0,0.9381443298969072
2021,Nanyang Technological University,College Of Engineering,Double Degree In Engineering And Economics ^,90.9,90.9,4485.0,4580.0,4566.0,4583.0,4530.0,4900.0,370.0,-17.0,1.0
2021,Nanyang Technological University,College Of Engineering,Electrical And Electronic Engineering,93.9,88.6,3978.0,3900.0,4069.0,4000.0,3600.0,4400.0,800.0,69.0,0.9435569755058572
2021,Nanyang Technological University,College Of Engineering,Environmental Engineering,96.6,86.2,3422.0,3500.0,3487.0,3500.0,3200.0,3600.0,400.0,-13.0,0.8923395445134576
2021,Nanyang Technological University,College Of Engineering,Information Engineering And Media,95.7,88.6,4247.0,4200.0,4325.0,4200.0,3900.0,4800.0,900.0,125.0,0.9258098223615464
2021,Nanyang Technological University,College Of Engineering,Maritime Studies,98.4,95.2,3697.0,3500.0,3763.0,3500.0,3500.0,4000.0,500.0,263.0,0.9674796747967479
2021,Nanyang Technological University,College Of Engineering,Materials Engineering,96.3,83.0,3701.0,3600.0,3801.0,3650.0,3500.0,4000.0,500.0,151.0,0.8618899273104881
2021,Nanyang Technological University,College Of Engineering,Mechanical Engineering,94.0,86.1,3845.0,3700.0,4006.0,3800.0,3570.0,4400.0,830.0,206.0,0.9159574468085105
2021,Nanyang Technological University,"College Of Humanities, Arts & Social Sciences","Art, Design And Media",86.2,46.6,3146.0,3000.0,3182.0,3000.0,2650.0,3675.0,1025.0,182.0,0.5406032482598608
2021,Nanyang Technological University,"College Of Humanities, Arts & Social Sciences",Chinese,87.0,72.5,3376.0,3250.0,3483.0,3300.0,3053.0,3650.0,597.0,183.0,0.8333333333333334
2021,Nanyang Technological University,"College Of Humanities, Arts & Social Sciences",Communication Studies,96.9,80.8,3463.0,3375.0,3548.0,3500.0,3000.0,3943.0,943.0,48.0,0.8338493292053663
2021,Nanyang Technological University,"College Of Humanities, Arts & Social Sciences",Economics,93.5,88.3,3658.0,3500.0,3720.0,3650.0,3300.0,4000.0,700.0,70.0,0.9443850267379679
2021,Nanyang Technological University,"College Of Humanities, Arts & Social Sciences",English,95.5,64.2,3254.0,3300.0,3354.0,3500.0,3000.0,3600.0,600.0,-146.0,0.6722513089005235
2021,Nanyang Technological University,"College Of Humanities, Arts & Social Sciences",History,82.2,66.7,3724.0,3675.0,3800.0,3675.0,3500.0,4000.0,500.0,125.0,0.8114355231143552
2021,Nanyang Technological University,"College Of Humanities, Arts & Social Sciences",Inter-Disciplinary Double Major ^,92.9,75.0,3794.0,3650.0,3822.0,3650.0,3450.0,4180.0,730.0,172.0,0.8073196986006458
2021,Nanyang Technological University,"College Of Humanities, Arts & Social Sciences",Linguistics And Multilingual Studies,87.2,70.2,3351.0,3300.0,3398.0,3300.0,3000.0,3850.0,850.0,98.0,0.805045871559633
2021,Nanyang Technological University,"College Of Humanities, Arts & Social Sciences",Philosophy,88.5,57.7,3394.0,3400.0,3502.0,3400.0,2915.0,4480.0,1565.0,102.0,0.6519774011299435
2021,Nanyang Technological University,"College Of Humanities, Arts & Social Sciences",Psychology,91.8,71.8,3342.0,3300.0,3362.0,3350.0,3000.0,3500.0,500.0,12.0,0.7821350762527233
2021,Nanyang Technological University,"College Of Humanities, Arts & Social Sciences",Public Policy And Global Affairs,83.3,77.1,4024.0,3778.0,4105.0,3804.0,3500.0,4524.0,1024.0,301.0,0.9255702280912365
2021,Nanyang Technological University,"College Of Humanities, Arts & Social Sciences",Sociology,91.3,69.6,3509.0,3475.0,3567.0,3500.0,3200.0,3940.0,740.0,67.0,0.7623220153340635
2021,Nanyang Technological University,College Of Science,Biological Sciences / Biomedical Sciences,96.8,81.7,3470.0,3400.0,3569.0,3500.0,3260.0,3800.0,540.0,69.0,0.84400826446281
2021,Nanyang Technological University,College Of Science,Biomedical Sciences And Chinese Medicine # ^,90.9,77.3,3023.0,3100.0,3119.0,3100.0,2890.0,3300.0,410.0,19.0,0.8503850385038503
2021,Nanyang Technological University,College Of Science,Chemistry And Biological Chemistry,90.2,74.4,3367.0,3400.0,3501.0,3400.0,3100.0,3700.0,600.0,101.0,0.8248337028824834
2021,Nanyang Technological University,College Of Science,Environmental Earth Systems Sciences ^,100.0,91.3,3810.0,3892.0,3888.0,3950.0,3500.0,4300.0,800.0,-62.0,0.9129999999999999
2021,Nanyang Technological University,College Of Science,Mathematical Sciences / Mathematical Sciences And Economics,91.0,75.6,3939.0,3750.0,4039.0,3806.0,3500.0,4500.0,1000.0,233.0,0.8307692307692307
2021,Nanyang Technological University,College Of Science,Physics And Applied Physics,84.5,69.0,3710.0,3570.0,3793.0,3600.0,3384.0,4000.0,616.0,193.0,0.8165680473372781
2021,Nanyang Technological University,Sports Science And Management,Sports Science And Management,86.2,55.4,3292.0,3300.0,3438.0,3300.0,3100.0,3620.0,520.0,138.0,0.642691415313225
2021,Nanyang Technological University,National Institute Of Education (Nie),Arts (With Education),100.0,100.0,3563.0,3754.0,3718.0,3780.0,3700.0,3900.0,200.0,-62.0,1.0
2021,Nanyang Technological University,National Institute Of Education (Nie),Science (With Education) ^,100.0,100.0,3578.0,3776.0,3796.0,3904.0,3727.0,4000.0,273.0,-108.0,1.0
2021,Nanyang Technological University,Lee Kong Chian School Of Medicine,Medicine #,100.0,100.0,4702.0,4700.0,5404.0,5500.0,5200.0,5800.0,600.0,-96.0,1.0
2021,National University Of Singapore,Faculty Of Arts & Social Sciences,Bachelor Of Arts,91.4,70.0,3405.0,3200.0,3600.0,3200.0,2850.0,4100.0,1250.0,400.0,0.7658643326039387
2021,National University Of Singapore,Faculty Of Arts & Social Sciences,Bachelor Of Arts (Hons),88.8,68.3,3619.0,3500.0,3731.0,3650.0,3400.0,3983.0,583.0,81.0,0.7691441441441441
2021,National University Of Singapore,Faculty Of Arts & Social Sciences,Bachelor Of Social Sciences,92.5,78.2,3757.0,3531.0,3850.0,3600.0,3400.0,4100.0,700.0,250.0,0.8454054054054054
2021,National University Of Singapore,Faculty Of Dentistry,Bachelor Of Dental Surgery,100.0,100.0,4256.0,4200.0,4286.0,4200.0,4200.0,4600.0,400.0,86.0,1.0
2021,National University Of Singapore,Faculty Of Engineering,Bachelor Of Engineering (Biomedical Engineering),94.4,83.3,3610.0,3500.0,3732.0,3600.0,3300.0,4000.0,700.0,132.0,0.8824152542372881
2021,National University Of Singapore,Faculty Of Engineering,Bachelor Of Engineering (Chemical Engineering),91.4,84.8,3793.0,3700.0,4023.0,3800.0,3600.0,4300.0,700.0,223.0,0.9277899343544856
2021,National University Of Singapore,Faculty Of Engineering,Bachelor Of Engineering (Civil Engineering),97.3,97.3,3780.0,3700.0,3897.0,3700.0,3500.0,4100.0,600.0,197.0,1.0
2021,National University Of Singapore,Faculty Of Engineering,Bachelor Of Engineering (Electrical Engineering),95.1,93.0,4251.0,4000.0,4377.0,4150.0,3900.0,4550.0,650.0,227.0,0.9779179810725552
2021,National University Of Singapore,Faculty Of Engineering,Bachelor Of Engineering (Engineering Science) ^,89.5,68.4,4189.0,4500.0,4399.0,4500.0,4000.0,4900.0,900.0,-101.0,0.764245810055866
2021,National University Of Singapore,Faculty Of Engineering,Bachelor Of Engineering (Environmental Engineering),97.1,88.6,3572.0,3500.0,3607.0,3500.0,3300.0,3900.0,600.0,107.0,0.9124613800205973
2021,National University Of Singapore,Faculty Of Engineering,Bachelor Of Engineering (Industrial And Systems Engineering),96.7,91.8,4237.0,4150.0,4417.0,4500.0,4000.0,4900.0,900.0,-83.0,0.9493278179937952
2021,National University Of Singapore,Faculty Of Engineering,Bachelor Of Engineering (Materials Science And Engineering),91.7,87.5,3899.0,3775.0,4020.0,3896.0,3600.0,4200.0,600.0,124.0,0.9541984732824427
2021,National University Of Singapore,Faculty Of Engineering,Bachelor Of Engineering (Mechanical Engineering),94.5,89.5,3965.0,3800.0,4115.0,3875.0,3500.0,4550.0,1050.0,240.0,0.9470899470899471
2021,National University Of Singapore,Faculty Of Law,Bachelor Of Laws #,96.5,93.5,5398.0,5150.0,5627.0,5600.0,4500.0,6000.0,1500.0,27.0,0.9689119170984456
2021,National University Of Singapore,Faculty Of Science,Bachelor Of Science,82.4,56.9,3446.0,3300.0,3627.0,3527.0,3100.0,4000.0,900.0,100.0,0.6905339805825242
2021,National University Of Singapore,Faculty Of Science,Bachelor Of Science (Hons),92.2,76.5,3665.0,3500.0,3767.0,3600.0,3400.0,4000.0,600.0,167.0,0.8297180043383948
2021,National University Of Singapore,Faculty Of Science,Bachelor Of Science (Computational Biology) ^,100.0,100.0,4655.0,4500.0,4677.0,4500.0,4000.0,5000.0,1000.0,177.0,1.0
2021,National University Of Singapore,Faculty Of Science,Bachelor Of Science (Pharmacy) #,95.9,91.9,3773.0,3760.0,3923.0,3915.0,3636.0,4200.0,564.0,8.0,0.9582898852971846
2021,National University Of Singapore,Faculty Of Science,Bachelor Of Science (Data Science And Analytics),97.7,95.3,4819.0,4500.0,4981.0,4800.0,4200.0,5400.0,1200.0,181.0,0.9754350051177072
2021,National University Of Singapore,Nus Business School,Bachelor Of Business Administration,94.7,81.6,5199.0,3550.0,5567.0,3700.0,3125.0,7625.0,4500.0,1867.0,0.8616684266103484
2021,National University Of Singapore,Nus Business School,Bachelor Of Business Administration (Hons),98.1,93.5,4828.0,4200.0,4950.0,4347.0,3700.0,5200.0,1500.0,603.0,0.9531090723751274
2021,National University Of Singapore,Nus Business School,Bachelor Of Business Administration (Accountancy) ^,100.0,100.0,3380.0,3300.0,3515.0,3400.0,3013.0,3750.0,737.0,115.0,1.0
2021,National University Of Singapore,Nus Business School,Bachelor Of Business Administration (Accountancy) (Hons),97.0,96.3,4124.0,3430.0,4194.0,3500.0,3200.0,4600.0,1400.0,694.0,0.9927835051546392
2021,National University Of Singapore,School Of Computing,Bachelor Of Computing (Computer Science),99.1,96.4,5898.0,5800.0,6002.0,6000.0,5000.0,6900.0,1900.0,2.0,0.9727547931382443
2021,National University Of Singapore,School Of Computing,Bachelor Of Computing (Information Security) ^,100.0,100.0,4992.0,5000.0,5095.0,5400.0,4305.0,5500.0,1195.0,-305.0,1.0
2021,National University Of Singapore,School Of Computing,Bachelor Of Computing (Information Systems),97.5,96.2,5087.0,5000.0,5217.0,5000.0,4500.0,5400.0,900.0,217.0,0.9866666666666667
2021,National University Of Singapore,School Of Computing,Bachelor Of Science (Business Analytics),100.0,100.0,5437.0,5050.0,5603.0,5400.0,4800.0,6125.0,1325.0,203.0,1.0
2021,National University Of Singapore,School Of Design & Environment,Bachelor Of Arts (Architecture),97.7,96.6,4090.0,4000.0,4139.0,4000.0,3600.0,4440.0,840.0,139.0,0.9887410440122824
2021,National University Of Singapore,School Of Design & Environment,Bachelor Of Arts (Industrial Design),87.5,75.0,4146.0,3825.0,4178.0,3825.0,3200.0,4250.0,1050.0,353.0,0.8571428571428571
2021,National University Of Singapore,School Of Design & Environment,Bachelor Of Science (Project And Facilities Management),93.1,92.1,3424.0,3450.0,3560.0,3500.0,3200.0,3700.0,500.0,60.0,0.9892588614393125
2021,National University Of Singapore,School Of Design & Environment,Bachelor Of Science (Real Estate),94.5,82.4,3692.0,3575.0,3863.0,3700.0,3400.0,4000.0,600.0,163.0,0.871957671957672
2021,National University Of Singapore,Yong Loo Lin School (Medicine),Bachelor Of Medicine And Bachelor Of Surgery # **,,,,,,,,,,,
2021,National University Of Singapore,Yong Loo Lin School (Medicine),Bachelor Of Science (Nursing),96.2,93.3,3300.0,3350.0,3530.0,3550.0,3350.0,3750.0,400.0,-20.0,0.9698544698544698
2021,National University Of Singapore,Yong Loo Lin School (Medicine),Bachelor Of Science (Nursing) (Hons),97.9,96.8,3482.0,3500.0,3750.0,3750.0,3550.0,3950.0,400.0,0.0,0.9887640449438201
2021,National University Of Singapore,Yst Conservatory Of Music,Bachelor Of Music ^,82.4,35.3,3136.0,2958.0,3203.0,3100.0,2915.0,3600.0,685.0,103.0,0.4283980582524271
2021,National University Of Singapore,Yale-Nus College,Bachelor Of Arts With Honours,88.3,70.8,4344.0,4000.0,4453.0,4000.0,3500.0,5000.0,1500.0,453.0,0.8018120045300113
2021,National University Of Singapore,Yale-Nus College,Bachelor Of Science With Honours,94.6,83.8,4779.0,4500.0,4952.0,4500.0,3800.0,5650.0,1850.0,452.0,0.8858350951374208
2021,National University Of Singapore,Multi-Disciplinary Programmes,Bachelor Of Engineering (Computer Engineering),97.4,91.2,5345.0,5000.0,5473.0,5400.0,4500.0,6200.0,1700.0,73.0,0.9363449691991786
2021,National University Of Singapore,Multi-Disciplinary Programmes,Bachelor Of Environmental Studies,97.4,81.6,3544.0,3500.0,3658.0,3650.0,3100.0,3996.0,896.0,8.0,0.8377823408624229
2021,Singapore Institute Of Technology,Digipen Institute Of Technology,Bachelor Of Arts In Game Design ^,100.0,81.5,3457.0,3200.0,3490.0,3300.0,3200.0,3500.0,300.0,190.0,0.815
2021,Singapore Institute Of Technology,Digipen Institute Of Technology,Bachelor Of Fine Arts In Digital Art And Animation,80.0,63.3,3081.0,3200.0,3125.0,3200.0,2835.0,3500.0,665.0,-75.0,0.79125
2021,Singapore Institute Of Technology,Digipen Institute Of Technology,Bachelor Of Science In Computer Science And Game Design,88.2,85.3,4229.0,4000.0,4324.0,4000.0,3700.0,4968.0,1268.0,324.0,0.9671201814058956
2021,Singapore Institute Of Technology,Digipen Institute Of Technology,Bachelor Of Science In Computer Science In Real-Time Interactive Simulation,95.1,92.7,4962.0,4600.0,4984.0,4600.0,4300.0,5175.0,875.0,384.0,0.9747634069400631
2021,Singapore Institute Of Technology,Singapore Institute Of Technology (Sit),Bachelor Of Accountancy With Honours,97.7,86.8,3363.0,3400.0,3431.0,3400.0,3200.0,3460.0,260.0,31.0,0.8884339815762538
2021,Singapore Institute Of Technology,Singapore Institute Of Technology (Sit),Bachelor Of Engineering With Honours In Information & Communications Technology (Information Security),100.0,98.2,4934.0,4800.0,5251.0,4950.0,4605.0,5552.0,947.0,301.0,0.982
2021,Singapore Institute Of Technology,Singapore Institute Of Technology (Sit),Bachelor Of Engineering With Honours In Information & Communications Technology (Software Engineering),100.0,98.0,5126.0,5000.0,5215.0,5000.0,4590.0,5500.0,910.0,215.0,0.98
2021,Singapore Institute Of Technology,Singapore Institute Of Technology (Sit),Bachelor Of Engineering With Honours In Aircraft Systems Engineering,100.0,91.7,3297.0,3200.0,3394.0,3300.0,2500.0,4000.0,1500.0,94.0,0.917
2021,Singapore Institute Of Technology,Singapore Institute Of Technology (Sit),Bachelor Of Engineering With Honours In Pharmaceutical Engineering,98.3,87.9,3423.0,3500.0,3736.0,3600.0,3300.0,4000.0,700.0,136.0,0.8942014242115972
2021,Singapore Institute Of Technology,Singapore Institute Of Technology (Sit),Bachelor Of Engineering With Honours In Sustainable Infrastructure Engineering (Building Services),98.0,96.1,3707.0,3600.0,3773.0,3680.0,3500.0,3950.0,450.0,93.0,0.9806122448979592
2021,Singapore Institute Of Technology,Singapore Institute Of Technology (Sit),Bachelor Of Engineering With Honours In Sustainable Infrastructure Engineering (Land) ^,96.3,88.9,3606.0,3500.0,3788.0,3700.0,3485.0,4250.0,765.0,88.0,0.9231568016614746
2021,Singapore Institute Of Technology,Singapore Institute Of Technology (Sit),Bachelor Of Engineering With Honours In Telematics (Intelligent Transportation Systems Engineering),97.5,85.0,4086.0,4000.0,4146.0,4000.0,3850.0,4500.0,650.0,146.0,0.8717948717948718
2021,Singapore Institute Of Technology,Singapore Institute Of Technology (Sit),Bachelor Of Hospitality Business With Honours,96.1,80.3,3037.0,3000.0,3216.0,3000.0,2800.0,3500.0,700.0,216.0,0.8355879292403746
2021,Singapore Institute Of Technology,Singapore Institute Of Technology (Sit),Bachelor Of Science (Diagnostic Radiography),100.0,100.0,3670.0,3500.0,3880.0,3700.0,3500.0,4025.0,525.0,180.0,1.0
2021,Singapore Institute Of Technology,Singapore Institute Of Technology (Sit),Bachelor Of Science (Occupational Therapy),100.0,98.3,3521.0,3500.0,3546.0,3500.0,3400.0,3690.0,290.0,46.0,0.983
2021,Singapore Institute Of Technology,Singapore Institute Of Technology (Sit),Bachelor Of Science (Radiation Therapy) ^,100.0,100.0,3310.0,3500.0,3328.0,3500.0,3000.0,3500.0,500.0,-172.0,1.0
2021,Singapore Institute Of Technology,Sit- Digipen Institute Of Technology,Bachelor Of Engineering With Honours In Systems Engineering (Electromechanical Systems),100.0,95.1,4086.0,4000.0,4402.0,4370.0,3700.0,4900.0,1200.0,32.0,0.951
2021,Singapore Institute Of Technology,Sit- Massey University,Bachelor Of Food Technology With Honours,96.4,89.1,3221.0,3300.0,3322.0,3300.0,3000.0,3500.0,500.0,22.0,0.9242738589211618
2021,Singapore Institute Of Technology,Sit- Newcastle University,Bachelor Of Engineering With Honours In Chemical Engineering,79.2,64.2,3466.0,3500.0,3836.0,3700.0,3350.0,4200.0,850.0,136.0,0.8106060606060607
2021,Singapore Institute Of Technology,Sit- Newcastle University,Bachelor Of Engineering With Honours In Electrical Power Engineering,98.3,84.5,3583.0,3500.0,3691.0,3600.0,3500.0,3850.0,350.0,91.0,0.8596134282807731
2021,Singapore Institute Of Technology,Sit- Newcastle University,Bachelor Of Engineering With Honours In Marine Engineering ^,100.0,90.5,3598.0,3500.0,3819.0,3750.0,3400.0,4250.0,850.0,69.0,0.905
2021,Singapore Institute Of Technology,Sit- Newcastle University,Bachelor Of Engineering With Honours In Mechanical Design And Manufacturing Engineering,93.4,90.2,3646.0,3600.0,3787.0,3650.0,3600.0,4000.0,400.0,137.0,0.9657387580299786
2021,Singapore Institute Of Technology,Sit- Newcastle University,Bachelor Of Engineering With Honours In Naval Architecture ^,100.0,95.7,3476.0,3300.0,3592.0,3400.0,3250.0,3850.0,600.0,192.0,0.9570000000000001
2021,Singapore Institute Of Technology,Sit- Newcastle University,Bachelor Of Engineering With Honours In Offshore Engineering ^,82.4,70.6,3513.0,3500.0,3575.0,3550.0,3350.0,3850.0,500.0,25.0,0.8567961165048542
2021,Singapore Institute Of Technology,Sit-Trinity College Dublin,Bachelor Of Science (Physiotherapy),97.9,96.8,3516.0,3500.0,3591.0,3525.0,3400.0,3800.0,400.0,66.0,0.9887640449438201
2021,Singapore Institute Of Technology,Sit-University Of Glasgow,Bachelor Of Engineering With Honours In Civil Engineering,92.8,92.8,3650.0,3600.0,3719.0,3675.0,3500.0,3933.0,433.0,44.0,1.0
2021,Singapore Institute Of Technology,Sit-University Of Glasgow,Bachelor Of Science With Honours In Nursing,98.3,86.4,3403.0,3350.0,3697.0,3700.0,3350.0,3990.0,640.0,-3.0,0.878942014242116
2021,Singapore Institute Of Technology,Technische Universität München,Bachelor Of Science In Chemical Engineering,95.7,87.0,3495.0,3500.0,3645.0,3557.0,3400.0,3865.0,465.0,88.0,0.9090909090909091
2021,Singapore Institute Of Technology,Technische Universität München,Bachelor Of Science In Electrical Engineering & Information Technology ^,81.5,74.1,3649.0,3600.0,3806.0,3700.0,3250.0,4265.0,1015.0,106.0,0.90920245398773
2021,Singapore Institute Of Technology,The Culinary Institute Of America,Bachelor Of Business Administration In Food Business Management,91.9,67.7,2647.0,2500.0,2817.0,2700.0,2500.0,3100.0,600.0,117.0,0.7366702937976061
2021,Singapore Institute Of Technology,The Glasgow School Of Art,Bachelor Of Arts With Honours In Communication Design,94.4,59.3,2951.0,3000.0,2989.0,3000.0,2700.0,3200.0,500.0,-11.0,0.6281779661016949
2021,Singapore Institute Of Technology,The Glasgow School Of Art,Bachelor Of Arts With Honours In Interior Design,94.3,65.7,2761.0,3000.0,2807.0,3000.0,2500.0,3100.0,600.0,-193.0,0.6967126193001061
2021,Singapore Institute Of Technology,University Of Liverpool,Bachelor Of Arts With Honours In Criminology And Security,95.5,81.8,3807.0,3600.0,4001.0,3850.0,3400.0,4500.0,1100.0,151.0,0.856544502617801
2021,Singapore Management University,School Of Accountancy (4-Year Programme) *,Accountancy,98.7,93.0,3751.0,3400.0,3814.0,3400.0,3200.0,4000.0,800.0,414.0,0.9422492401215805
2021,Singapore Management University,School Of Accountancy (4-Year Programme) *,Accountancy (Cum Laude And Above),97.9,92.6,4161.0,3700.0,4213.0,3850.0,3300.0,4600.0,1300.0,363.0,0.9458631256384065
2021,Singapore Management University,School Of Business (4-Year Programme) *,Business Management,96.6,86.0,4229.0,4000.0,4371.0,4000.0,3500.0,4650.0,1150.0,371.0,0.8902691511387164
2021,Singapore Management University,School Of Business (4-Year Programme) *,Business Management (Cum Laude And Above),96.6,90.3,4705.0,4333.0,4855.0,4480.0,3800.0,5043.0,1243.0,375.0,0.9347826086956522
2021,Singapore Management University,School Of Economics (4-Year Programme) *,Economics,91.8,83.5,4641.0,4275.0,4777.0,4435.0,3800.0,5250.0,1450.0,342.0,0.9095860566448802
2021,Singapore Management University,School Of Economics (4-Year Programme) *,Economics (Cum Laude And Above),94.1,91.2,5209.0,4750.0,5310.0,4900.0,4191.0,5810.0,1619.0,410.0,0.969181721572795
2021,Singapore Management University,School Of Information Systems (4-Year Programme) *,Information Systems,98.2,94.6,4774.0,4860.0,4906.0,5000.0,4200.0,5350.0,1150.0,-94.0,0.9633401221995925
2021,Singapore Management University,School Of Information Systems (4-Year Programme) *,Information Systems (Cum Laude And Above),97.4,93.6,5317.0,5050.0,5499.0,5350.0,5000.0,5833.0,833.0,149.0,0.9609856262833675
2021,Singapore Management University,School Of Social Sciences (4-Year Programme) *,Social Sciences,94.1,77.1,3656.0,3465.0,3836.0,3600.0,3200.0,4010.0,810.0,236.0,0.8193411264612115
2021,Singapore Management University,School Of Social Sciences (4-Year Programme) *,Social Sciences (Cum Laude And Above),96.9,86.2,3856.0,3500.0,4063.0,3763.0,3350.0,4500.0,1150.0,300.0,0.8895768833849329
2021,Singapore Management University,School Of Law (4-Year Programme) *,Law #,100.0,98.3,5319.0,5500.0,5433.0,5600.0,4500.0,6000.0,1500.0,-167.0,0.983
2021,Singapore Management University,School Of Law (4-Year Programme) *,Law (Cum Laude And Above) #,100.0,98.8,5613.0,5600.0,5754.0,5800.0,5025.0,6000.0,975.0,-46.0,0.988
2021,Singapore University Of Social Sciences,S R Nathan School Of Human Development,Bachelor Of Early Childhood Education,93.0,88.4,2949.0,3000.0,2963.0,3000.0,2800.0,3100.0,300.0,-37.0,0.9505376344086022
2021,Singapore University Of Social Sciences,S R Nathan School Of Human Development,Bachelor Of Human Resource Management,95.6,80.9,3249.0,3200.0,3412.0,3200.0,3000.0,3500.0,500.0,212.0,0.846234309623431
2021,Singapore University Of Social Sciences,S R Nathan School Of Human Development,Bachelor Of Social Work,94.7,86.8,3432.0,3530.0,3461.0,3530.0,3400.0,3580.0,180.0,-69.0,0.9165786694825765
2021,Singapore University Of Social Sciences,School Of Business,Bachelor Of Accountancy,98.6,89.0,3199.0,3200.0,3231.0,3200.0,3000.0,3400.0,400.0,31.0,0.9026369168356998
2021,Singapore University Of Social Sciences,School Of Business,Bachelor Of Science In Business Analytics,93.5,83.9,4218.0,3800.0,4372.0,3800.0,3350.0,4900.0,1550.0,572.0,0.8973262032085562
2021,Singapore University Of Social Sciences,School Of Business,Bachelor Of Science In Finance,84.4,56.3,3856.0,3500.0,3862.0,3500.0,3300.0,4350.0,1050.0,362.0,0.6670616113744076
2021,Singapore University Of Social Sciences,School Of Business,Bachelor Of Science In Marketing,92.4,63.6,3303.0,3200.0,3411.0,3275.0,2820.0,3600.0,780.0,136.0,0.6883116883116883
2021,Singapore University Of Social Sciences,School Of Business,Bachelor Of Science In Supply Chain Management,97.4,79.5,3245.0,3200.0,3381.0,3300.0,3025.0,3500.0,475.0,81.0,0.8162217659137576
2021,Singapore University Of Technology And Design,<Na>,Bachelor Of Engineering (Computer Science And Design),98.3,96.7,4936.0,4800.0,5030.0,4800.0,4400.0,5414.0,1014.0,230.0,0.9837232960325535
2021,Singapore University Of Technology And Design,<Na>,Bachelor Of Engineering (Engineering Product Development),89.9,85.5,4047.0,4000.0,4141.0,4000.0,3750.0,4500.0,750.0,141.0,0.9510567296996663
2021,Singapore University Of Technology And Design,<Na>,Bachelor Of Engineering (Engineering Systems And Design),95.5,90.9,4542.0,4500.0,4778.0,4700.0,3900.0,5000.0,1100.0,78.0,0.9518324607329843
2021,Singapore University Of Technology And Design,<Na>,Bachelor Of Science (Architecture And Sustainable Design),96.6,89.7,3800.0,3801.0,3842.0,3875.0,3430.0,4200.0,770.0,-33.0,0.9285714285714286
2022,National University Of Singapore,Faculty Of Arts & Social Sciences,Bachelor Of Arts,88.5,76.9,3808.0,3670.0,3928.0,3700.0,3500.0,4000.0,500.0,228.0,0.8689265536723164
2022,National University Of Singapore,Faculty Of Arts & Social Sciences,Bachelor Of Arts (Hons),87.5,74.4,3889.0,3850.0,4034.0,4000.0,3500.0,4390.0,890.0,34.0,0.8502857142857143
2022,National University Of Singapore,Faculty Of Arts & Social Sciences,Bachelor Of Social Sciences,92.3,81.1,3935.0,3650.0,4056.0,3795.0,3500.0,4350.0,850.0,261.0,0.8786565547128927
2022,National University Of Singapore,Faculty Of Dentistry,Bachelor Of Dental Surgery,100.0,100.0,4331.0,4200.0,4331.0,4200.0,4200.0,4600.0,400.0,131.0,1.0
2022,National University Of Singapore,Faculty Of Law,Bachelor Of Laws #,97.3,94.6,5935.0,6000.0,6182.0,6400.0,5500.0,6800.0,1300.0,-218.0,0.9722507708119219
2022,National University Of Singapore,Faculty Of Science,Bachelor Of Science ^,85.2,63.0,3630.0,3500.0,3823.0,3600.0,3500.0,4000.0,500.0,223.0,0.7394366197183099
2022,National University Of Singapore,Faculty Of Science,Bachelor Of Science (Hons),90.6,80.1,4040.0,3720.0,4174.0,3850.0,3500.0,4500.0,1000.0,324.0,0.8841059602649006
2022,National University Of Singapore,Faculty Of Science,Bachelor Of Science (Computational Biology)**,,,,,,,,,,,
2022,National University Of Singapore,Faculty Of Science,Bachelor Of Science (Pharmacy) #,98.4,95.1,3829.0,3798.0,4053.0,4000.0,3750.0,4250.0,500.0,53.0,0.9664634146341462
2022,National University Of Singapore,Faculty Of Science,Bachelor Of Science (Pharmaceutical Science) (Hons) ^,94.1,76.5,3769.0,3700.0,3808.0,3700.0,3400.0,4350.0,950.0,108.0,0.8129649309245484
2022,National University Of Singapore,Faculty Of Science,Bachelor Of Science (Data Science And Analytics),96.8,96.8,5562.0,5500.0,5616.0,5500.0,4628.0,6100.0,1472.0,116.0,1.0
2022,National University Of Singapore,Nus Business School,Bachelor Of Business Administration,87.9,78.8,5653.0,5000.0,6026.0,5100.0,4000.0,7000.0,3000.0,926.0,0.8964732650739475
2022,National University Of Singapore,Nus Business School,Bachelor Of Business Administration (Hons),97.1,95.7,5346.0,4600.0,5519.0,4696.0,4000.0,5938.0,1938.0,823.0,0.9855818743563337
2022,National University Of Singapore,Nus Business School,Bachelor Of Business Administration (Accountancy) ^,93.3,93.3,5494.0,3800.0,5560.0,3800.0,3400.0,5500.0,2100.0,1760.0,1.0
2022,National University Of Singapore,Nus Business School,Bachelor Of Business Administration (Accountancy) (Hons),99.3,97.9,4619.0,4000.0,4668.0,4000.0,3600.0,5000.0,1400.0,668.0,0.9859013091641491
2022,National University Of Singapore,Nus Business School,Bachelor Of Science (Real Estate),99.0,95.1,3924.0,3800.0,4062.0,3850.0,3600.0,4400.0,800.0,212.0,0.9606060606060606
2022,National University Of Singapore,School Of Computing,Bachelor Of Computing (Computer Science),96.8,96.1,6954.0,6500.0,7121.0,6600.0,5341.0,7583.0,2242.0,521.0,0.9927685950413223
2022,National University Of Singapore,School Of Computing,Bachelor Of Computing (Information Security),94.6,91.1,5274.0,5400.0,5660.0,5500.0,4800.0,6475.0,1675.0,160.0,0.9630021141649049
2022,National University Of Singapore,School Of Computing,Bachelor Of Computing (Information Systems),95.3,93.0,5551.0,5300.0,5672.0,5500.0,4800.0,6250.0,1450.0,172.0,0.975865687303253
2022,National University Of Singapore,School Of Computing,Bachelor Of Science (Business Analytics),96.2,95.2,5845.0,5500.0,5966.0,5500.0,5000.0,6600.0,1600.0,466.0,0.9896049896049897
2022,National University Of Singapore,College Of Design And Engineering,Bachelor Of Engineering (Biomedical Engineering),97.2,91.6,4140.0,3800.0,4268.0,4000.0,3500.0,5000.0,1500.0,268.0,0.9423868312757201
2022,National University Of Singapore,College Of Design And Engineering,Bachelor Of Engineering (Chemical Engineering),96.6,95.5,4487.0,4400.0,4690.0,4675.0,4018.0,5100.0,1082.0,15.0,0.9886128364389235
2022,National University Of Singapore,College Of Design And Engineering,Bachelor Of Engineering (Civil Engineering),93.8,88.9,3979.0,3921.0,4139.0,4000.0,3700.0,4400.0,700.0,139.0,0.9477611940298508
2022,National University Of Singapore,College Of Design And Engineering,Bachelor Of Engineering (Electrical Engineering),92.2,90.7,4730.0,4700.0,4913.0,4800.0,4380.0,5500.0,1120.0,113.0,0.9837310195227765
2022,National University Of Singapore,College Of Design And Engineering,Bachelor Of Engineering (Engineering Science) ^,100.0,100.0,4622.0,4450.0,4659.0,4450.0,4080.0,5000.0,920.0,209.0,1.0
2022,National University Of Singapore,College Of Design And Engineering,Bachelor Of Engineering (Environmental Engineering),87.1,83.9,4252.0,4000.0,4496.0,4200.0,3850.0,5000.0,1150.0,296.0,0.963260619977038
2022,National University Of Singapore,College Of Design And Engineering,Bachelor Of Engineering (Industrial And Systems Engineering),92.9,92.9,5137.0,5000.0,5281.0,5000.0,4290.0,5650.0,1360.0,281.0,1.0
2022,National University Of Singapore,College Of Design And Engineering,Bachelor Of Engineering (Materials Science And Engineering),92.9,87.1,4384.0,4360.0,4539.0,4500.0,3850.0,5000.0,1150.0,39.0,0.9375672766415499
2022,National University Of Singapore,College Of Design And Engineering,Bachelor Of Engineering (Mechanical Engineering),96.2,91.9,4594.0,4400.0,4780.0,4525.0,4000.0,5200.0,1200.0,255.0,0.9553014553014554
2022,National University Of Singapore,College Of Design And Engineering,Bachelor Of Arts (Architecture) #,96.0,92.0,4360.0,4300.0,4481.0,4400.0,4000.0,4800.0,800.0,81.0,0.9583333333333334
2022,National University Of Singapore,College Of Design And Engineering,Bachelor Of Arts (Industrial Design),66.7,43.3,4239.0,4500.0,4270.0,4500.0,3500.0,4500.0,1000.0,-230.0,0.649175412293853
2022,National University Of Singapore,College Of Design And Engineering,Bachelor Of Science (Project And Facilities Management),98.4,92.0,3612.0,3500.0,3670.0,3555.0,3375.0,3855.0,480.0,115.0,0.9349593495934959
2022,National University Of Singapore,Yong Loo Lin School (Medicine),Bachelor Of Medicine And Bachelor Of Surgery # **,,,,,,,,,,,
2022,National University Of Singapore,Yong Loo Lin School (Medicine),Bachelor Of Science (Nursing),94.8,91.3,3426.0,3350.0,3656.0,3600.0,3500.0,3825.0,325.0,56.0,0.9630801687763713
2022,National University Of Singapore,Yong Loo Lin School (Medicine),Bachelor Of Science (Nursing) (Hons),100.0,99.0,3575.0,3550.0,3834.0,3850.0,3650.0,4000.0,350.0,-16.0,0.99
2022,National University Of Singapore,Yst Conservatory Of Music,Bachelor Of Music ^,85.7,28.6,3661.0,3590.0,3661.0,3590.0,3350.0,3973.0,623.0,71.0,0.3337222870478413
2022,National University Of Singapore,Yale-Nus College,Bachelor Of Arts With Honours,87.3,80.5,5130.0,4500.0,5418.0,4600.0,3800.0,6000.0,2200.0,818.0,0.9221076746849943
2022,National University Of Singapore,Yale-Nus College,Bachelor Of Science With Honours,96.3,88.9,6764.0,5875.0,6879.0,6038.0,4500.0,9000.0,4500.0,841.0,0.9231568016614746
2022,National University Of Singapore,Multi-Disciplinary Programmes,Bachelor Of Engineering (Computer Engineering),94.5,92.7,6183.0,5900.0,6367.0,6000.0,5300.0,6800.0,1500.0,367.0,0.980952380952381
2022,National University Of Singapore,Multi-Disciplinary Programmes,Bachelor Of Environmental Studies,91.9,78.4,3999.0,3800.0,4000.0,3800.0,3500.0,4000.0,500.0,200.0,0.8531011969532101
2022,Nanyang Technological University,College Of Business (Nanyang Business School),Accountancy,98.3,97.6,3965.0,3600.0,4031.0,3600.0,3600.0,4300.0,700.0,431.0,0.9928789420142421
2022,Nanyang Technological University,College Of Business (Nanyang Business School),Accountancy And Business,98.0,96.9,5473.0,4833.0,5580.0,4942.0,4167.0,6230.0,2063.0,638.0,0.9887755102040817
2022,Nanyang Technological University,College Of Business (Nanyang Business School),Business,94.5,86.5,4407.0,4000.0,4503.0,4015.0,3600.0,4800.0,1200.0,488.0,0.9153439153439153
2022,Nanyang Technological University,College Of Business (Nanyang Business School),Double Degree In Business And Computer Engineering/Computing,100.0,100.0,6307.0,6000.0,6627.0,6500.0,6000.0,7500.0,1500.0,127.0,1.0
2022,Nanyang Technological University,College Of Engineering,Aerospace Engineering,94.0,93.0,4752.0,4800.0,4899.0,5000.0,4160.0,5500.0,1340.0,-101.0,0.9893617021276596
2022,Nanyang Technological University,College Of Engineering,Bioengineering,93.9,90.9,4160.0,4000.0,4419.0,4200.0,3600.0,5250.0,1650.0,219.0,0.9680511182108626
2022,Nanyang Technological University,College Of Engineering,Chemical And Biomolecular Engineering,96.6,93.3,4580.0,4500.0,4733.0,4800.0,4028.0,5100.0,1072.0,-67.0,0.9658385093167702
2022,Nanyang Technological University,College Of Engineering,Civil Engineering,91.6,88.4,3699.0,3600.0,3788.0,3650.0,3500.0,3975.0,475.0,138.0,0.9650655021834063
2022,Nanyang Technological University,College Of Engineering,Computer Engineering,87.0,85.2,5366.0,5285.0,5463.0,5295.0,4500.0,6215.0,1715.0,168.0,0.9793103448275863
2022,Nanyang Technological University,College Of Engineering,Computer Science,94.0,91.7,5515.0,5400.0,5699.0,5500.0,4900.0,6420.0,1520.0,199.0,0.975531914893617
2022,Nanyang Technological University,College Of Engineering,Data Science And Artificial Intelligence ^,88.2,82.4,6647.0,5625.0,6749.0,5625.0,5000.0,7500.0,2500.0,1124.0,0.9342403628117915
2022,Nanyang Technological University,College Of Engineering,Double Degree In Engineering And Economics ^,100.0,100.0,5150.0,5000.0,5344.0,5000.0,4700.0,5815.0,1115.0,344.0,1.0
2022,Nanyang Technological University,College Of Engineering,Electrical And Electronic Engineering,92.4,90.2,4595.0,4500.0,4723.0,4558.0,4100.0,5000.0,900.0,165.0,0.9761904761904762
2022,Nanyang Technological University,College Of Engineering,Environmental Engineering,93.5,90.3,3988.0,3800.0,4139.0,3900.0,3700.0,4500.0,800.0,239.0,0.9657754010695186
2022,Nanyang Technological University,College Of Engineering,Information Engineering And Media,95.3,93.8,5080.0,4950.0,5187.0,4950.0,4500.0,5500.0,1000.0,237.0,0.9842602308499475
2022,Nanyang Technological University,College Of Engineering,Maritime Studies,96.7,95.1,3842.0,3740.0,3860.0,3740.0,3500.0,4060.0,560.0,120.0,0.9834539813857289
2022,Nanyang Technological University,College Of Engineering,Materials Engineering,94.9,92.6,4300.0,4300.0,4522.0,4500.0,3800.0,5000.0,1200.0,22.0,0.9757639620653318
2022,Nanyang Technological University,College Of Engineering,Mechanical Engineering,95.0,91.3,4381.0,4200.0,4537.0,4500.0,3944.0,5000.0,1056.0,37.0,0.9610526315789474
2022,Nanyang Technological University,"College Of Humanities, Arts & Social Sciences","Art, Design And Media",89.5,63.2,3303.0,3200.0,3372.0,3200.0,3000.0,3600.0,600.0,172.0,0.7061452513966481
2022,Nanyang Technological University,"College Of Humanities, Arts & Social Sciences",Chinese,91.8,70.5,3408.0,3300.0,3566.0,3600.0,3060.0,4015.0,955.0,-34.0,0.7679738562091504
2022,Nanyang Technological University,"College Of Humanities, Arts & Social Sciences",Communication Studies,94.2,79.7,3674.0,3500.0,3739.0,3500.0,3200.0,4200.0,1000.0,239.0,0.8460721868365181
2022,Nanyang Technological University,"College Of Humanities, Arts & Social Sciences",Economics,88.7,81.7,4187.0,4000.0,4270.0,4000.0,3600.0,4550.0,950.0,270.0,0.9210822998872604
2022,Nanyang Technological University,"College Of Humanities, Arts & Social Sciences",English,94.9,77.2,3574.0,3500.0,3699.0,3748.0,3200.0,4200.0,1000.0,-49.0,0.8134878819810326
2022,Nanyang Technological University,"College Of Humanities, Arts & Social Sciences",History,86.5,80.8,3819.0,3800.0,3966.0,4000.0,3500.0,4250.0,750.0,-34.0,0.9341040462427745
2022,Nanyang Technological University,"College Of Humanities, Arts & Social Sciences",Inter-Disciplinary Double Major8,87.9,66.7,4135.0,4200.0,4258.0,4271.0,3650.0,4750.0,1100.0,-13.0,0.7588168373151308
2022,Nanyang Technological University,"College Of Humanities, Arts & Social Sciences",Linguistics And Multilingual Studies,94.1,72.5,3452.0,3400.0,3513.0,3500.0,3150.0,3810.0,660.0,13.0,0.7704569606801276
2022,Nanyang Technological University,"College Of Humanities, Arts & Social Sciences",Philosophy ^,78.3,69.6,3476.0,3300.0,3515.0,3450.0,3000.0,3700.0,700.0,65.0,0.8888888888888888
2022,Nanyang Technological University,"College Of Humanities, Arts & Social Sciences",Psychology,79.8,69.7,3688.0,3635.0,3743.0,3668.0,3300.0,4015.0,715.0,75.0,0.8734335839598998
2022,Nanyang Technological University,"College Of Humanities, Arts & Social Sciences",Public Policy And Global Affairs,97.9,95.7,4122.0,4088.0,4167.0,4123.0,3650.0,4500.0,850.0,44.0,0.9775280898876404
2022,Nanyang Technological University,"College Of Humanities, Arts & Social Sciences",Sociology,92.9,87.1,3816.0,3789.0,3904.0,3800.0,3450.0,4200.0,750.0,104.0,0.9375672766415499
2022,Nanyang Technological University,College Of Science,Biological And Biomedical Sciences,93.9,83.2,3688.0,3600.0,3808.0,3600.0,3400.0,4100.0,700.0,208.0,0.88604898828541
2022,Nanyang Technological University,College Of Science,Biological Sciences And Psychology ^,71.4,50.0,4057.0,3800.0,4264.0,4050.0,3700.0,4300.0,600.0,214.0,0.7002801120448179
2022,Nanyang Technological University,College Of Science,Biomedical Sciences And Chinese Medicine # ^,100.0,90.0,3300.0,3100.0,3415.0,3175.0,3080.0,3300.0,220.0,240.0,0.9
2022,Nanyang Technological University,College Of Science,Chemistry And Biological Chemistry,90.8,84.0,3759.0,3600.0,3863.0,3700.0,3400.0,4200.0,800.0,163.0,0.9251101321585904
2022,Nanyang Technological University,College Of Science,Environmental Earth Systems Sciences ^,100.0,88.0,4406.0,4008.0,4545.0,4023.0,3600.0,4959.0,1359.0,522.0,0.88
2022,Nanyang Technological University,College Of Science,Mathematical Sciences / Mathematical Sciences And Economics,86.5,79.4,4352.0,4250.0,4436.0,4300.0,3799.0,4800.0,1001.0,136.0,0.9179190751445088
2022,Nanyang Technological University,College Of Science,Physics And Applied Physics,91.5,84.7,3917.0,4000.0,4067.0,4000.0,3683.0,4575.0,892.0,67.0,0.9256830601092897
2022,Nanyang Technological University,National Institute Of Education (Nie),Arts (With Education),100.0,100.0,3684.0,4000.0,4025.0,4129.0,3750.0,4300.0,550.0,-104.0,1.0
2022,Nanyang Technological University,National Institute Of Education (Nie),Science (With Education) ^,100.0,100.0,4106.0,4275.0,4211.0,4300.0,4000.0,4470.0,470.0,-89.0,1.0
2022,Nanyang Technological University,National Institute Of Education (Nie),Sports Science And Management,100.0,74.4,3657.0,3350.0,3762.0,3350.0,3200.0,4266.0,1066.0,412.0,0.7440000000000001
2022,Nanyang Technological University,Lee Kong Chian School Of Medicine,Medicine #,100.0,100.0,4779.0,4700.0,5532.0,5600.0,5199.0,6000.0,801.0,-68.0,1.0
2022,Singapore Management University,School Of Accountancy (4-Year Programme) *,Accountancy,98.1,96.1,4432.0,3800.0,4497.0,3825.0,3600.0,4600.0,1000.0,672.0,0.9796126401630989
2022,Singapore Management University,School Of Accountancy (4-Year Programme) *,Accountancy (Cum Laude And Above),100.0,98.0,5040.0,4000.0,5097.0,4025.0,3600.0,5500.0,1900.0,1072.0,0.98
2022,Singapore Management University,School Of Business (4-Year Programme) *,Business Management,94.3,86.5,4744.0,4208.0,4937.0,4400.0,3700.0,5200.0,1500.0,537.0,0.9172852598091199
2022,Singapore Management University,School Of Business (4-Year Programme) *,Business Management (Cum Laude And Above),97.4,93.1,5409.0,4600.0,5630.0,4800.0,4050.0,6084.0,2034.0,830.0,0.9558521560574947
2022,Singapore Management University,School Of Economics (4-Year Programme) *,Economics,97.2,89.9,4665.0,4500.0,4824.0,4500.0,4000.0,5200.0,1200.0,324.0,0.9248971193415638
2022,Singapore Management University,School Of Economics (4-Year Programme) *,Economics (Cum Laude And Above),100.0,98.6,5021.0,4500.0,5169.0,4500.0,4091.0,5700.0,1609.0,669.0,0.986
2022,Singapore Management University,School Of Information Systems (4-Year Programme) *,Information Systems,95.1,93.4,5333.0,5235.0,5472.0,5400.0,4700.0,6166.0,1466.0,72.0,0.9821240799158781
2022,Singapore Management University,School Of Information Systems (4-Year Programme) *,Information Systems (Cum Laude And Above),96.0,94.4,5702.0,5500.0,5799.0,5638.0,4900.0,6500.0,1600.0,161.0,0.9833333333333334
2022,Singapore Management University,School Of Social Sciences (4-Year Programme) *,Social Sciences,91.4,83.3,4076.0,3843.0,4265.0,4000.0,3500.0,4600.0,1100.0,265.0,0.911378555798687
2022,Singapore Management University,School Of Social Sciences (4-Year Programme) *,Social Sciences (Cum Laude And Above),94.3,88.6,4351.0,4008.0,4576.0,4316.0,3795.0,4900.0,1105.0,260.0,0.9395546129374337
2022,Singapore Management University,School Of Law (4-Year Programme) *,Law #,94.1,91.1,6063.0,6000.0,6221.0,6375.0,5500.0,6800.0,1300.0,-154.0,0.9681190223166843
2022,Singapore Management University,School Of Law (4-Year Programme) *,Law (Cum Laude And Above) #,92.4,92.4,6226.0,6338.0,6429.0,6400.0,6000.0,7000.0,1000.0,29.0,1.0
2022,Singapore University Of Technology And Design,<Na>,Bachelor Of Engineering (Computer Science And Design),91.2,86.8,5539.0,5000.0,5725.0,5190.0,4600.0,6600.0,2000.0,535.0,0.9517543859649122
2022,Singapore University Of Technology And Design,<Na>,Bachelor Of Engineering (Engineering Product Development),94.9,92.3,4266.0,4150.0,4408.0,4200.0,3900.0,5000.0,1100.0,208.0,0.9726027397260273
2022,Singapore University Of Technology And Design,<Na>,Bachelor Of Engineering (Engineering Systems And Design),89.5,86.0,4929.0,4500.0,5046.0,4500.0,4000.0,5300.0,1300.0,546.0,0.9608938547486033
2022,Singapore University Of Technology And Design,<Na>,Bachelor Of Science (Architecture And Sustainable Design) ###,90.6,84.9,4281.0,4100.0,4335.0,4100.0,3900.0,4500.0,600.0,235.0,0.9370860927152319
2022,Singapore University Of Social Sciences,S R Nathan School Of Human Development,Bachelor Of Early Childhood Education,88.1,79.7,3090.0,3100.0,3188.0,3200.0,3000.0,3338.0,338.0,-12.0,0.9046538024971624
2022,Singapore University Of Social Sciences,S R Nathan School Of Human Development,Bachelor Of Human Resource Management,93.8,75.0,3749.0,3525.0,3874.0,3588.0,3250.0,4000.0,750.0,286.0,0.7995735607675907
2022,Singapore University Of Social Sciences,S R Nathan School Of Human Development,Bachelor Of Social Work,91.9,80.6,3529.0,3640.0,3536.0,3640.0,3500.0,3640.0,140.0,-104.0,0.8770402611534275
2022,Singapore University Of Social Sciences,School Of Business,Bachelor Of Accountancy,96.4,94.6,3576.0,3600.0,3635.0,3600.0,3500.0,3663.0,163.0,35.0,0.9813278008298754
2022,Singapore University Of Social Sciences,School Of Business,Bachelor Of Science In Business Analytics,93.0,86.0,4432.0,4500.0,4540.0,4660.0,4000.0,5000.0,1000.0,-120.0,0.9247311827956989
2022,Singapore University Of Social Sciences,School Of Business,Bachelor Of Science In Finance,97.2,86.1,4149.0,4000.0,4483.0,4000.0,3800.0,5250.0,1450.0,483.0,0.8858024691358024
2022,Singapore University Of Social Sciences,School Of Business,Bachelor Of Science In Marketing,87.2,75.6,3664.0,3500.0,3827.0,3600.0,3220.0,4100.0,880.0,227.0,0.8669724770642201
2022,Singapore University Of Social Sciences,School Of Business,Bachelor Of Science In Supply Chain Management,98.4,90.6,3629.0,3500.0,3702.0,3500.0,3300.0,3900.0,600.0,202.0,0.9207317073170731
2022,Singapore University Of Social Sciences,School Of Law,Bachelor Of Law **,,,,,,,,,,,
2022,Singapore Institute Of Technology,Digipen Institute Of Technology,Bachelor Of Arts In Game Design ^,67.9,60.7,3847.0,3500.0,3884.0,3600.0,3400.0,4250.0,850.0,284.0,0.893961708394698
2022,Singapore Institute Of Technology,Digipen Institute Of Technology,Bachelor Of Fine Arts In Digital Art And Animation,77.1,54.3,3606.0,3500.0,3628.0,3500.0,3000.0,3825.0,825.0,128.0,0.7042801556420234
2022,Singapore Institute Of Technology,Digipen Institute Of Technology,Bachelor Of Science In Computer Science And Game Design,90.6,84.4,4593.0,4375.0,4681.0,4490.0,4250.0,5200.0,950.0,191.0,0.9315673289183224
2022,Singapore Institute Of Technology,Digipen Institute Of Technology,Bachelor Of Science In Computer Science In Real-Time Interactive Simulation,100.0,95.6,5576.0,5500.0,5679.0,5500.0,4700.0,6656.0,1956.0,179.0,0.956
2022,Singapore Institute Of Technology,Singapore Institute Of Technology (Sit),Bachelor Of Accountancy With Honours,91.8,91.8,3812.0,3600.0,3841.0,3600.0,3600.0,4000.0,400.0,241.0,1.0
2022,Singapore Institute Of Technology,Singapore Institute Of Technology (Sit),Bachelor Of Engineering With Honours In Information & Communications Technology (Information Security),98.0,96.0,4798.0,4800.0,4927.0,4800.0,4216.0,5563.0,1347.0,127.0,0.9795918367346939
2022,Singapore Institute Of Technology,Singapore Institute Of Technology (Sit),Bachelor Of Engineering With Honours In Information & Communications Technology (Software Engineering),98.1,98.1,5169.0,5000.0,5313.0,5200.0,4798.0,5900.0,1102.0,113.0,1.0
2022,Singapore Institute Of Technology,Singapore Institute Of Technology (Sit),Bachelor Of Engineering With Honours In Aircraft Systems Engineering,91.2,85.3,4102.0,4400.0,4168.0,4400.0,3000.0,4900.0,1900.0,-232.0,0.9353070175438596
2022,Singapore Institute Of Technology,Singapore Institute Of Technology (Sit),Bachelor Of Engineering With Honours In Pharmaceutical Engineering,96.6,91.5,3791.0,3755.0,4085.0,3955.0,3503.0,4300.0,797.0,130.0,0.9472049689440994
2022,Singapore Institute Of Technology,Singapore Institute Of Technology (Sit),Bachelor Of Engineering With Honours In Sustainable Infrastructure Engineering (Building Services),100.0,97.6,3819.0,3725.0,3879.0,3775.0,3585.0,4050.0,465.0,104.0,0.976
2022,Singapore Institute Of Technology,Singapore Institute Of Technology (Sit),Bachelor Of Engineering With Honours In Sustainable Infrastructure Engineering (Land),93.3,93.3,4115.0,3700.0,4303.0,4000.0,3700.0,4800.0,1100.0,303.0,1.0
2022,Singapore Institute Of Technology,Singapore Institute Of Technology (Sit),Bachelor Of Engineering With Honours In Telematics (Intelligent Transportation Systems Engineering),81.4,65.1,4341.0,4500.0,4400.0,4688.0,4033.0,4800.0,767.0,-288.0,0.7997542997542997
2022,Singapore Institute Of Technology,Singapore Institute Of Technology (Sit),Bachelor Of Hospitality Business With Honours,95.5,90.0,3237.0,3200.0,3469.0,3300.0,3000.0,3740.0,740.0,169.0,0.9424083769633508
2022,Singapore Institute Of Technology,Singapore Institute Of Technology (Sit),Bachelor Of Science (Air Transport Management),90.0,80.0,3888.0,3700.0,4159.0,3980.0,3501.0,4365.0,864.0,179.0,0.8888888888888888
2022,Singapore Institute Of Technology,Singapore Institute Of Technology (Sit),Bachelor Of Science (Diagnostic Radiography),100.0,100.0,3558.0,3500.0,3836.0,3800.0,3650.0,3990.0,340.0,36.0,1.0
2022,Singapore Institute Of Technology,Singapore Institute Of Technology (Sit),Bachelor Of Science (Occupational Therapy),97.1,95.7,3605.0,3600.0,3630.0,3669.0,3500.0,3800.0,300.0,-39.0,0.9855818743563337
2022,Singapore Institute Of Technology,Singapore Institute Of Technology (Sit),Bachelor Of Science (Radiation Therapy) ^,90.9,90.9,3615.0,3600.0,3768.0,3775.0,3500.0,4060.0,560.0,-7.0,1.0
2022,Singapore Institute Of Technology,Sit- Digipen Institute Of Technology,Bachelor Of Engineering With Honours In Systems Engineering (Electromechanical Systems),92.7,92.7,4843.0,4800.0,4913.0,4800.0,4574.0,5500.0,926.0,113.0,1.0
2022,Singapore Institute Of Technology,Sit- Massey University,Bachelor Of Food Technology With Honours,93.2,81.8,3272.0,3300.0,3380.0,3300.0,3050.0,3600.0,550.0,80.0,0.8776824034334764
2022,Singapore Institute Of Technology,Sit- Newcastle University,Bachelor Of Engineering With Honours In Chemical Engineering,79.7,70.3,3936.0,3900.0,4216.0,4100.0,3785.0,4650.0,865.0,116.0,0.8820577164366373
2022,Singapore Institute Of Technology,Sit- Newcastle University,Bachelor Of Engineering With Honours In Electrical Power Engineering,86.4,84.7,4104.0,4000.0,4180.0,4100.0,3700.0,4510.0,810.0,80.0,0.9803240740740741
2022,Singapore Institute Of Technology,Sit- Newcastle University,Bachelor Of Engineering With Honours In Marine Engineering,93.5,93.5,4069.0,3800.0,4211.0,3900.0,3750.0,4400.0,650.0,311.0,1.0
2022,Singapore Institute Of Technology,Sit- Newcastle University,Bachelor Of Engineering With Honours In Mechanical Design And Manufacturing Engineering,88.5,80.3,4084.0,4000.0,4292.0,4100.0,3710.0,4500.0,790.0,192.0,0.9073446327683615
2022,Singapore Institute Of Technology,Sit- Newcastle University,Bachelor Of Engineering With Honours In Naval Architecture ^,100.0,100.0,4390.0,3900.0,4540.0,4000.0,3800.0,5650.0,1850.0,540.0,1.0
2022,Singapore Institute Of Technology,Sit- Newcastle University,Bachelor Of Engineering With Honours In Offshore Engineering ^,90.5,85.7,3556.0,3500.0,3798.0,3675.0,3500.0,3900.0,400.0,123.0,0.9469613259668509
2022,Singapore Institute Of Technology,Sit-Trinity College Dublin,Bachelor In Science (Physiotherapy),98.1,98.1,3639.0,3630.0,3697.0,3674.0,3500.0,3850.0,350.0,23.0,1.0
2022,Singapore Institute Of Technology,Sit-University Of Glasgow,Bachelor Of Engineering With Honours In Aerospace Engineering,74.3,62.9,4085.0,3750.0,4372.0,4200.0,3500.0,4400.0,900.0,172.0,0.8465679676985195
2022,Singapore Institute Of Technology,Sit-University Of Glasgow,Bachelor Of Engineering With Honours In Civil Engineering,90.1,87.3,3932.0,3800.0,4006.0,3800.0,3700.0,4300.0,600.0,206.0,0.9689234184239733
2022,Singapore Institute Of Technology,Sit-University Of Glasgow,Bachelor Of Engineering With Honours In Mechanical Engineering,82.9,77.6,4070.0,3900.0,4236.0,4000.0,3800.0,4500.0,700.0,236.0,0.9360675512665861
2022,Singapore Institute Of Technology,Sit-University Of Glasgow,Bachelor Of Science With Honours In Computing Science,91.2,86.8,4980.0,5000.0,5113.0,5000.0,4800.0,5500.0,700.0,113.0,0.9517543859649122
2022,Singapore Institute Of Technology,Sit-University Of Glasgow,Bachelor Of Science With Honours In Nursing,98.6,88.4,3511.0,3458.0,3797.0,3800.0,3500.0,4100.0,600.0,-3.0,0.8965517241379312
2022,Singapore Institute Of Technology,Technische Universität München,Bachelor Of Science In Chemical Engineering,94.1,85.3,3704.0,3600.0,4002.0,3950.0,3600.0,4300.0,700.0,52.0,0.9064824654622742
2022,Singapore Institute Of Technology,Technische Universität München,Bachelor Of Science In Electrical Engineering & Information Technology ^,95.0,85.0,4522.0,4200.0,4606.0,4280.0,4000.0,4800.0,800.0,326.0,0.8947368421052632
2022,Singapore Institute Of Technology,The Culinary Institute Of America,Bachelor Of Business Administration In Food Business Management ^,89.5,78.9,2609.0,2450.0,2969.0,3050.0,2300.0,3500.0,1200.0,-81.0,0.8815642458100559
2022,Singapore Institute Of Technology,University Of Liverpool,Bachelor Of Arts With Honours In Criminology And Security,90.5,85.7,4278.0,4050.0,4533.0,4561.0,4000.0,5293.0,1293.0,-28.0,0.9469613259668509
2023,National University Of Singapore,Faculty Of Arts & Social Sciences,Bachelor Of Arts,,,3942.0,3700.0,4291.0,3745.0,3400.0,5000.0,1600.0,546.0,
2023,National University Of Singapore,Faculty Of Arts & Social Sciences,Bachelor Of Arts (Hons),,,3926.0,3930.0,4083.0,4008.0,3500.0,4500.0,1000.0,75.0,
2023,National University Of Singapore,Faculty Of Arts & Social Sciences,Bachelor Of Social Sciences,,,4173.0,4000.0,4304.0,4015.0,3720.0,4500.0,780.0,289.0,
2023,National University Of Singapore,Faculty Of Dentistry,Bachelor Of Dental Surgery,,,4586.0,4550.0,4589.0,4550.0,4500.0,4950.0,450.0,39.0,
2023,National University Of Singapore,Faculty Of Law,Bachelor Of Laws#,,,7051.0,7000.0,7244.0,7000.0,6000.0,7100.0,1100.0,244.0,
2023,National University Of Singapore,Faculty Of Science,Bachelor Of Science^,,,4492.0,4100.0,4642.0,4250.0,3650.0,4800.0,1150.0,392.0,
2023,National University Of Singapore,Faculty Of Science,Bachelor Of Science (Hons),,,4180.0,3985.0,4290.0,4000.0,3600.0,4500.0,900.0,290.0,
2023,National University Of Singapore,Faculty Of Science,"Bachelor Of Science (Computational
Biology)**",,,,,,,,,,,
2023,National University Of Singapore,Faculty Of Science,Bachelor Of Science (Pharmacy)#**,,,,,,,,,,,
2023,National University Of Singapore,Faculty Of Science,"Bachelor Of Science (Pharmaceutical
Science) (Hons)",,,3892.0,3700.0,3999.0,3900.0,3625.0,4200.0,575.0,99.0,
2023,National University Of Singapore,Faculty Of Science,"Bachelor Of Science (Data Science
And Analytics)",,,4999.0,5000.0,5166.0,5000.0,4500.0,5500.0,1000.0,166.0,
2023,National University Of Singapore,Nus Business School,Bachelor Of Business Administration,,,5707.0,5000.0,6002.0,5167.0,4077.0,7500.0,3423.0,835.0,
2023,National University Of Singapore,Nus Business School,"Bachelor Of Business Administration
(Hons)",,,5256.0,4600.0,5413.0,4800.0,4000.0,5800.0,1800.0,613.0,
2023,National University Of Singapore,Nus Business School,"Bachelor Of Business Administration
(Accountancy)^",,,3813.0,3600.0,4199.0,3600.0,3520.0,3820.0,300.0,599.0,
2023,National University Of Singapore,Nus Business School,"Bachelor Of Business Administration
(Accountancy) (Hons)",,,4769.0,4000.0,4850.0,4200.0,3600.0,5450.0,1850.0,650.0,
2023,National University Of Singapore,Nus Business School,Bachelor Of Science (Real Estate),,,4097.0,4000.0,4239.0,4000.0,3800.0,4500.0,700.0,239.0,
2023,National University Of Singapore,School Of Computing,"Bachelor Of Computing (Computer
Science)",,,6673.0,6181.0,6877.0,6333.0,5500.0,7700.0,2200.0,544.0,
2023,National University Of Singapore,School Of Computing,"Bachelor Of Computing (Information
Security)",,,5433.0,5451.0,5707.0,5500.0,5000.0,6210.0,1210.0,207.0,
2023,National University Of Singapore,School Of Computing,"Bachelor Of Computing (Information
Systems)",,,5707.0,5500.0,5937.0,5500.0,5000.0,6000.0,1000.0,437.0,
2023,National University Of Singapore,School Of Computing,"Bachelor Of Science (Business
Analytics)",,,5895.0,5500.0,6030.0,5500.0,5000.0,6600.0,1600.0,530.0,
2023,National University Of Singapore,College Of Design And Engineering,"Bachelor Of Engineering (Biomedical
Engineering)",,,4123.0,4000.0,4243.0,4100.0,3740.0,4600.0,860.0,143.0,
2023,National University Of Singapore,College Of Design And Engineering,"Bachelor Of Engineering (Chemical
Engineering)",,,4374.0,4200.0,4602.0,4405.0,4000.0,4760.0,760.0,197.0,
2023,National University Of Singapore,College Of Design And Engineering,"Bachelor Of Engineering (Civil
Engineering)",,,3966.0,3900.0,4139.0,4000.0,3800.0,4500.0,700.0,139.0,
2023,National University Of Singapore,College Of Design And Engineering,"Bachelor Of Engineering (Electrical
Engineering)",,,4790.0,4675.0,4918.0,4800.0,4340.0,5350.0,1010.0,118.0,
2023,National University Of Singapore,College Of Design And Engineering,"Bachelor Of Engineering (Engineering
Science)",,,4504.0,4200.0,4605.0,4500.0,4000.0,5200.0,1200.0,105.0,
2023,National University Of Singapore,College Of Design And Engineering,"Bachelor Of Engineering
(Environmental Engineering)",,,4199.0,4200.0,4299.0,4243.0,3900.0,4588.0,688.0,56.0,
2023,National University Of Singapore,College Of Design And Engineering,"Bachelor Of Engineering (Industrial
And Systems Engineering)",,,4483.0,4500.0,4744.0,4600.0,4280.0,4990.0,710.0,144.0,
2023,National University Of Singapore,College Of Design And Engineering,"Bachelor Of Engineering (Materials
Science And Engineering)",,,4253.0,4200.0,4371.0,4346.0,4000.0,4700.0,700.0,25.0,
2023,National University Of Singapore,College Of Design And Engineering,"Bachelor Of Engineering (Mechanical
Engineering)",,,4578.0,4320.0,4722.0,4490.0,4030.0,5046.0,1016.0,232.0,
2023,National University Of Singapore,College Of Design And Engineering,Bachelor Of Arts (Architecture)#**,,,,,,,,,,,
2023,National University Of Singapore,College Of Design And Engineering,Bachelor Of Landscape Architecture^,,,3438.0,3450.0,3506.0,3450.0,3350.0,3500.0,150.0,56.0,
2023,National University Of Singapore,College Of Design And Engineering,Bachelor Of Arts (Industrial Design),,,4104.0,4000.0,4139.0,4000.0,3600.0,4500.0,900.0,139.0,
2023,National University Of Singapore,College Of Design And Engineering,"Bachelor Of Science (Project And
Facilities Management)",,,3907.0,3800.0,4000.0,3855.0,3650.0,4299.0,649.0,145.0,
2023,National University Of Singapore,Yong Loo Lin School (Medicine),"Bachelor Of Medicine And Bachelor Of
Surgery#**",,,,,,,,,,,
2023,National University Of Singapore,Yong Loo Lin School (Medicine),Bachelor Of Science (Nursing),,,3627.0,3550.0,3923.0,3850.0,3500.0,4200.0,700.0,73.0,
2023,National University Of Singapore,Yong Loo Lin School (Medicine),Bachelor Of Science (Nursing) (Hons),,,3690.0,3750.0,3981.0,4000.0,3700.0,4250.0,550.0,-19.0,
2023,National University Of Singapore,Yst Conservatory Of Music,Bachelor Of Music,,,3766.0,3800.0,4053.0,4000.0,3400.0,4500.0,1100.0,53.0,
2023,National University Of Singapore,Yale-Nus College,Bachelor Of Arts With Honours,,,4785.0,4200.0,4908.0,4250.0,3850.0,5500.0,1650.0,658.0,
2023,National University Of Singapore,Yale-Nus College,Bachelor Of Science With Honours,,,5381.0,4500.0,5490.0,4600.0,4100.0,6372.0,2272.0,890.0,
2023,National University Of Singapore,Multi-Disciplinary Programmes,"Bachelor Of Engineering (Computer
Engineering)",,,5529.0,5450.0,5737.0,5595.0,4900.0,6355.0,1455.0,142.0,
2023,National University Of Singapore,Multi-Disciplinary Programmes,Bachelor Of Environmental Studies,,,4002.0,4000.0,4142.0,4000.0,3600.0,4400.0,800.0,142.0,
2023,Nanyang Technological University,College Of Business (Nanyang Business School),Accountancy,,,4067.0,3600.0,4119.0,3600.0,3600.0,4000.0,400.0,519.0,
2023,Nanyang Technological University,College Of Business (Nanyang Business School),Accountancy And Business,,,4957.0,4500.0,5030.0,4650.0,4000.0,5344.0,1344.0,380.0,
2023,Nanyang Technological University,College Of Business (Nanyang Business School),Business,,,4472.0,4100.0,4609.0,4255.0,3800.0,5000.0,1200.0,354.0,
2023,Nanyang Technological University,College Of Business (Nanyang Business School),"Double Degree In Business And Computer
Engineering/Computing",,,6616.0,6200.0,6799.0,6210.0,5500.0,7000.0,1500.0,589.0,
2023,Nanyang Technological University,College Of Engineering,Aerospace Engineering,,,4715.0,4500.0,4845.0,4763.0,4150.0,5700.0,1550.0,82.0,
2023,Nanyang Technological University,College Of Engineering,Bioengineering,,,3945.0,4000.0,4077.0,4043.0,3775.0,4450.0,675.0,34.0,
2023,Nanyang Technological University,College Of Engineering,Chemical And Biomolecular Engineering,,,4019.0,4000.0,4299.0,4200.0,3950.0,4550.0,600.0,99.0,
2023,Nanyang Technological University,College Of Engineering,Civil Engineering,,,3905.0,3850.0,4012.0,4000.0,3600.0,4232.0,632.0,12.0,
2023,Nanyang Technological University,College Of Engineering,Computer Engineering,,,5512.0,5400.0,5631.0,5400.0,4700.0,6200.0,1500.0,231.0,
2023,Nanyang Technological University,College Of Engineering,Computer Science,,,5334.0,5200.0,5440.0,5200.0,4800.0,6000.0,1200.0,240.0,
2023,Nanyang Technological University,College Of Engineering,Data Science And Artificial Intelligence,,,5319.0,5250.0,5352.0,5250.0,4600.0,6250.0,1650.0,102.0,
2023,Nanyang Technological University,College Of Engineering,"Double Degree In Engineering And
Economics^",,,5517.0,5285.0,5812.0,5405.0,4900.0,6500.0,1600.0,407.0,
2023,Nanyang Technological University,College Of Engineering,Electrical And Electronic Engineering,,,4713.0,4650.0,4803.0,4800.0,4200.0,5100.0,900.0,3.0,
2023,Nanyang Technological University,College Of Engineering,Environmental Engineering,,,3967.0,3850.0,4099.0,4115.0,3800.0,4337.0,537.0,-16.0,
2023,Nanyang Technological University,College Of Engineering,Information Engineering And Media,,,4761.0,4800.0,4857.0,4800.0,4400.0,5100.0,700.0,57.0,
2023,Nanyang Technological University,College Of Engineering,Maritime Studies,,,4223.0,4200.0,4302.0,4200.0,4000.0,4500.0,500.0,102.0,
2023,Nanyang Technological University,College Of Engineering,Materials Engineering,,,4216.0,4200.0,4351.0,4200.0,3900.0,4645.0,745.0,151.0,
2023,Nanyang Technological University,College Of Engineering,Mechanical Engineering,,,4379.0,4250.0,4481.0,4400.0,4000.0,4864.0,864.0,81.0,
2023,Nanyang Technological University,"College Of Humanities, Arts & Social Sciences","Art, Design And Media",,,3471.0,3498.0,3515.0,3498.0,3000.0,3755.0,755.0,17.0,
2023,Nanyang Technological University,"College Of Humanities, Arts & Social Sciences",Chinese,,,3927.0,4015.0,4007.0,4090.0,3450.0,4530.0,1080.0,-83.0,
2023,Nanyang Technological University,"College Of Humanities, Arts & Social Sciences",Communication Studies,,,3625.0,3600.0,3719.0,3675.0,3350.0,4000.0,650.0,44.0,
2023,Nanyang Technological University,"College Of Humanities, Arts & Social Sciences",Economics,,,4411.0,4150.0,4561.0,4314.0,4000.0,4975.0,975.0,247.0,
2023,Nanyang Technological University,"College Of Humanities, Arts & Social Sciences",English,,,3698.0,3500.0,3803.0,3775.0,3300.0,4180.0,880.0,28.0,
2023,Nanyang Technological University,"College Of Humanities, Arts & Social Sciences",History,,,4105.0,4200.0,4233.0,4200.0,3800.0,4500.0,700.0,33.0,
2023,Nanyang Technological University,"College Of Humanities, Arts & Social Sciences",Interdisciplinary Double Major,,,4065.0,4000.0,4085.0,4000.0,3500.0,4300.0,800.0,85.0,
2023,Nanyang Technological University,"College Of Humanities, Arts & Social Sciences",Linguistics And Multilingual Studies,,,3803.0,3800.0,3899.0,3950.0,3500.0,4238.0,738.0,-51.0,
2023,Nanyang Technological University,"College Of Humanities, Arts & Social Sciences",Philosophy,,,3864.0,3992.0,4056.0,4000.0,3500.0,4550.0,1050.0,56.0,
2023,Nanyang Technological University,"College Of Humanities, Arts & Social Sciences",Psychology,,,3882.0,3800.0,3913.0,4000.0,3550.0,4268.0,718.0,-87.0,
2023,Nanyang Technological University,"College Of Humanities, Arts & Social Sciences",Public Policy And Global Affairs,,,4317.0,4200.0,4401.0,4202.0,3800.0,5124.0,1324.0,199.0,
2023,Nanyang Technological University,"College Of Humanities, Arts & Social Sciences",Sociology,,,3849.0,3800.0,3994.0,4008.0,3540.0,4400.0,860.0,-14.0,
2023,Nanyang Technological University,College Of Science,Biological And Biomedical Sciences,,,3963.0,3850.0,4116.0,3980.0,3575.0,4300.0,725.0,136.0,
2023,Nanyang Technological University,College Of Science,"Biomedical Sciences And Chinese
Medicine#^",,,3297.0,3350.0,3358.0,3350.0,3200.0,3600.0,400.0,8.0,
2023,Nanyang Technological University,College Of Science,Chemistry And Biological Chemistry,,,3822.0,3725.0,3941.0,3800.0,3500.0,4200.0,700.0,141.0,
2023,Nanyang Technological University,College Of Science,Environmental Earth Systems Science,,,4171.0,4038.0,4202.0,4138.0,3750.0,4650.0,900.0,64.0,
2023,Nanyang Technological University,College Of Science,Mathematics And Mathematical Sciences,,,4545.0,4200.0,4574.0,4250.0,3800.0,4800.0,1000.0,324.0,
2023,Nanyang Technological University,College Of Science,Physics And Applied Physics,,,3904.0,4000.0,4076.0,4000.0,3905.0,4400.0,495.0,76.0,
2023,Nanyang Technological University,National Institute Of Education (Nie),Arts (And Education),,,4023.0,4000.0,4185.0,4200.0,3948.0,4600.0,652.0,-15.0,
2023,Nanyang Technological University,National Institute Of Education (Nie),Science (And Education)^,,,3907.0,4000.0,4370.0,4300.0,4000.0,4651.0,651.0,70.0,
2023,Nanyang Technological University,National Institute Of Education (Nie),Sports Science And Management,,,3692.0,3623.0,3837.0,3850.0,3250.0,4319.0,1069.0,-13.0,
2023,Nanyang Technological University,Lee Kong Chian School Of Medicine,Medicine#**,,,,,,,,,,,
2023,Singapore Management University,School Of Accountancy (4-Year Programme) *,Accountancy,,,4404.0,3800.0,4463.0,3900.0,3600.0,4700.0,1100.0,563.0,
2023,Singapore Management University,School Of Accountancy (4-Year Programme) *,Cum Laude And Above,,,5017.0,4500.0,5069.0,4500.0,3850.0,5400.0,1550.0,569.0,
2023,Singapore Management University,School Of Business (4-Year Programme) *,Business Management,,,4668.0,4200.0,4795.0,4436.0,3800.0,5200.0,1400.0,359.0,
2023,Singapore Management University,School Of Business (4-Year Programme) *,Cum Laude And Above,,,5097.0,4600.0,5244.0,4875.0,4000.0,5500.0,1500.0,369.0,
2023,Singapore Management University,School Of Economics (4-Year Programme) *,Economics,,,4849.0,4500.0,4937.0,4500.0,4000.0,5254.0,1254.0,437.0,
2023,Singapore Management University,School Of Economics (4-Year Programme) *,Cum Laude And Above,,,5495.0,4833.0,5565.0,4833.0,4300.0,6000.0,1700.0,732.0,
2023,Singapore Management University,School Of Computing & Information Systems (4-Year Programme) � Information Systems *,Information Systems,,,5381.0,5250.0,5530.0,5400.0,4800.0,6250.0,1450.0,130.0,
2023,Singapore Management University,School Of Computing & Information Systems (4-Year Programme) � Information Systems *,Cum Laude And Above,,,5710.0,5500.0,5866.0,5625.0,5000.0,6666.0,1666.0,241.0,
2023,Singapore Management University,School Of Computing & Information Systems (4-Year Programme) � Computer Science *,Computer Science,,,5762.0,5513.0,6120.0,5800.0,5100.0,6500.0,1400.0,320.0,
2023,Singapore Management University,School Of Computing & Information Systems (4-Year Programme) � Computer Science *,Cum Laude And Above,,,6470.0,6250.0,6902.0,6250.0,5500.0,7752.0,2252.0,652.0,
2023,Singapore Management University,School Of Social Sciences (4-Year Programme) *,Social Sciences,,,4185.0,3900.0,4330.0,4000.0,3600.0,4780.0,1180.0,330.0,
2023,Singapore Management University,School Of Social Sciences (4-Year Programme) *,Cum Laude And Above,,,4398.0,4150.0,4547.0,4312.0,3700.0,5000.0,1300.0,235.0,
2023,Singapore Management University,School Of Law (4-Year Programme) *,Law#,,,6375.0,6500.0,6509.0,7000.0,5800.0,7000.0,1200.0,-491.0,
2023,Singapore Management University,School Of Law (4-Year Programme) *,Cum Laude And Above#,,,6553.0,7000.0,6690.0,7000.0,6200.0,7000.0,800.0,-310.0,
2023,Singapore University Of Social Sciences,S R Nathan School Of Human Development,Bachelor Of Early Childhood Education,,,3270.0,3300.0,3328.0,3400.0,3097.0,3525.0,428.0,-72.0,
2023,Singapore University Of Social Sciences,S R Nathan School Of Human Development,"Bachelor Of Human Resource
Management",,,3530.0,3500.0,3650.0,3500.0,3310.0,3904.0,594.0,150.0,
2023,Singapore University Of Social Sciences,S R Nathan School Of Human Development,Bachelor Of Social Work**,,,,,,,,,,,
2023,Singapore University Of Social Sciences,School Of Business,Bachelor Of Accountancy,,,3560.0,3600.0,3601.0,3600.0,3500.0,3600.0,100.0,1.0,
2023,Singapore University Of Social Sciences,School Of Business,"Bachelor Of Science In Business
Analytics",,,4670.0,4500.0,4840.0,4800.0,4300.0,5200.0,900.0,40.0,
2023,Singapore University Of Social Sciences,School Of Business,Bachelor Of Science In Finance,,,4674.0,4500.0,4965.0,4500.0,4000.0,5200.0,1200.0,465.0,
2023,Singapore University Of Social Sciences,School Of Business,Bachelor Of Science In Marketing,,,3670.0,3500.0,3896.0,3600.0,3400.0,4040.0,640.0,296.0,
2023,Singapore University Of Social Sciences,School Of Business,"Bachelor Of Science In Supply Chain
Management",,,3883.0,3900.0,4038.0,4000.0,3600.0,4363.0,763.0,38.0,
2023,Singapore University Of Social Sciences,School Of Humanities And Behavioural Sciences,Bachelor Of Public Safety And Security^,,,4383.0,4330.0,4709.0,4691.0,3875.0,5300.0,1425.0,18.0,
2023,Singapore University Of Social Sciences,School Of Law,Bachelor Of Law#**,,,,,,,,,,,
2023,Singapore Institute Of Technology,Culinary Institute Of America,"Bachelor Of Business Administration In
Food Business Management",,,3078.0,2900.0,3344.0,3100.0,2800.0,4000.0,1200.0,244.0,
2023,Singapore Institute Of Technology,Digipen Institute Of Technology,Bachelor Of Arts In Game Design^,,,3718.0,3600.0,3721.0,3600.0,3300.0,4000.0,700.0,121.0,
2023,Singapore Institute Of Technology,Digipen Institute Of Technology,"Bachelor Of Fine Arts In Digital Art And
Animation",,,3330.0,3200.0,3330.0,3200.0,3000.0,3300.0,300.0,130.0,
2023,Singapore Institute Of Technology,Digipen Institute Of Technology,"Bachelor Of Science In Computer
Science And Game Design",,,4890.0,4900.0,4912.0,4900.0,4400.0,5500.0,1100.0,12.0,
2023,Singapore Institute Of Technology,Digipen Institute Of Technology,"Bachelor Of Science In Computer Science In Real-Time Interactive
Simulation",,,5204.0,5000.0,5260.0,5000.0,4700.0,5700.0,1000.0,260.0,
2023,Singapore Institute Of Technology,Singapore Institute Of Technology (Sit),Bachelor Of Accountancy With Honours,,,3745.0,3600.0,3797.0,3620.0,3600.0,4000.0,400.0,177.0,
2023,Singapore Institute Of Technology,Singapore Institute Of Technology (Sit),Bachelor Of Engineering With Honours In Aircraft Systems Engineering,,,4109.0,4400.0,4117.0,4400.0,3650.0,4800.0,1150.0,-283.0,
2023,Singapore Institute Of Technology,Singapore Institute Of Technology (Sit),"Bachelor Of Engineering With Honours In Information & Communications
Technology (Information Security)",,,5157.0,5000.0,5392.0,5200.0,4750.0,6050.0,1300.0,192.0,
2023,Singapore Institute Of Technology,Singapore Institute Of Technology (Sit),Bachelor Of Engineering With Honours In Information & Communications Technology (Software Engineering),,,5000.0,4900.0,5131.0,5000.0,4800.0,5500.0,700.0,131.0,
2023,Singapore Institute Of Technology,Singapore Institute Of Technology (Sit),"Bachelor Of Engineering With Honours In Pharmaceutical
Engineering",,,3756.0,3700.0,4208.0,4150.0,3640.0,4700.0,1060.0,58.0,
2023,Singapore Institute Of Technology,Singapore Institute Of Technology (Sit),"Bachelor Of Engineering With Honours In Sustainable Infrastructure
Engineering (Building Services)",,,3727.0,3700.0,3842.0,3800.0,3600.0,4200.0,600.0,42.0,
2023,Singapore Institute Of Technology,Singapore Institute Of Technology (Sit),"Bachelor Of Engineering With Honours In Sustainable Infrastructure
Engineering (Land)",,,4007.0,3800.0,4220.0,4200.0,3850.0,4300.0,450.0,20.0,
2023,Singapore Institute Of Technology,Singapore Institute Of Technology (Sit),"Bachelor Of Engineering With
Honours In Telematics (Intelligent
Transportation Systems Engineering)",,,4437.0,4500.0,4642.0,4725.0,4200.0,4900.0,700.0,-83.0,
2023,Singapore Institute Of Technology,Singapore Institute Of Technology (Sit),Bachelor Of Hospitality Business With Honours,,,3405.0,3400.0,3595.0,3500.0,3089.0,3900.0,811.0,95.0,
2023,Singapore Institute Of Technology,Singapore Institute Of Technology (Sit),Bachelor Of Science With Honours In Air Transport Management,,,3675.0,3700.0,3830.0,3720.0,3472.0,4100.0,628.0,110.0,
2023,Singapore Institute Of Technology,Singapore Institute Of Technology (Sit),Bachelor Of Science With Honours In Diagnostic Radiography,,,3884.0,3850.0,4126.0,4050.0,3900.0,4300.0,400.0,76.0,
2023,Singapore Institute Of Technology,Singapore Institute Of Technology (Sit),Bachelor Of Science With Honours In Dietetics And Nutrition^,,,3629.0,3550.0,3637.0,3575.0,3500.0,3850.0,350.0,62.0,
2023,Singapore Institute Of Technology,Singapore Institute Of Technology (Sit),"Bachelor Of Science With Honours In Digital Communications And
Integrated Media",,,3824.0,3750.0,3912.0,3780.0,3500.0,4126.0,626.0,132.0,
2023,Singapore Institute Of Technology,Singapore Institute Of Technology (Sit),Bachelor Of Science With Honours In Occupational Therapy,,,3786.0,3800.0,3824.0,3800.0,3700.0,3900.0,200.0,24.0,
2023,Singapore Institute Of Technology,Singapore Institute Of Technology (Sit),Bachelor Of Science With Honours In Radiation Therapy^,,,4030.0,3850.0,4030.0,3850.0,3850.0,4235.0,385.0,180.0,
2023,Singapore Institute Of Technology,Sit- Digipen Institute Of Technology,"Bachelor Of Engineering With Honours In Systems Engineering
(Electromechanical Systems)",,,4743.0,4500.0,4848.0,4705.0,4400.0,5000.0,600.0,143.0,
2023,Singapore Institute Of Technology,Sit- Massey University,Bachelor Of Food Technology With Honours,,,3514.0,3500.0,3587.0,3500.0,3200.0,4000.0,800.0,87.0,
2023,Singapore Institute Of Technology,Sit- Newcastle University,"Bachelor Of Engineering With Honours
In Chemical Engineering",,,3930.0,3925.0,4082.0,4000.0,3700.0,4250.0,550.0,82.0,
2023,Singapore Institute Of Technology,Sit- Newcastle University,"Bachelor Of Engineering With Honours
In Electrical Power Engineering",,,4131.0,3950.0,4229.0,4000.0,3725.0,4500.0,775.0,229.0,
2023,Singapore Institute Of Technology,Sit- Newcastle University,"Bachelor Of Engineering With Honours
In Marine Engineering",,,4475.0,4200.0,4634.0,4400.0,4000.0,5000.0,1000.0,234.0,
2023,Singapore Institute Of Technology,Sit- Newcastle University,"Bachelor Of Engineering With Honours In Mechanical Design And
Manufacturing Engineering",,,4151.0,4200.0,4304.0,4200.0,4000.0,4600.0,600.0,104.0,
2023,Singapore Institute Of Technology,Sit- Newcastle University,"Bachelor Of Engineering With Honours
In Naval Architecture^",,,4332.0,4450.0,4349.0,4450.0,3700.0,4700.0,1000.0,-101.0,
2023,Singapore Institute Of Technology,Sit- Newcastle University,"Bachelor Of Engineering With Honours
In Offshore Engineering",,,4400.0,4200.0,4418.0,4200.0,3800.0,4900.0,1100.0,218.0,
2023,Singapore Institute Of Technology,Sit-Trinity College Dublin,"Bachelor Of Science With Honours In
Physiotherapy",,,3823.0,3800.0,3874.0,3850.0,3660.0,4050.0,390.0,24.0,
2023,Singapore Institute Of Technology,Sit-University Of Glasgow,Bachelor Of Engineering With Honours In Aerospace Engineering,,,4128.0,4000.0,4218.0,4100.0,3800.0,4500.0,700.0,118.0,
2023,Singapore Institute Of Technology,Sit-University Of Glasgow,Bachelor Of Engineering With Honours In Civil Engineering,,,4010.0,4000.0,4185.0,4050.0,3800.0,4500.0,700.0,135.0,
2023,Singapore Institute Of Technology,Sit-University Of Glasgow,Bachelor Of Engineering With Honours In Mechanical Engineering,,,4369.0,4400.0,4462.0,4400.0,4000.0,4800.0,800.0,62.0,
2023,Singapore Institute Of Technology,Sit-University Of Glasgow,Bachelor Of Science With Honours In Computing Science,,,4830.0,4800.0,4932.0,4800.0,4500.0,5000.0,500.0,132.0,
2023,Singapore Institute Of Technology,Sit-University Of Glasgow,Bachelor Of Science With Honours In Nursing,,,3733.0,3765.0,3984.0,3950.0,3700.0,4300.0,600.0,34.0,
